nis_code,name,lat,lon,map_area
11001,Aartselaar,51.13014,4.38316,
11002,Antwerpen,51.21899,4.46526,antwerp
11004,Boechout,51.16360,4.49925,
11005,Boom,51.09322,4.37084,
11008,Brasschaat,51.30131,4.49149,
11009,Brecht,51.32927,4.60314,
11013,Edegem,51.15756,4.43882,
11016,Essen,51.45281,4.46112,
11018,Hemiksem,51.14227,4.34224,
11021,Hove,51.15065,4.47312,
11022,Kalmthout,51.38664,4.47808,
11023,Kapellen,51.32876,4.42698,
11024,Kontich,51.13059,4.45303,
11025,Lint,51.12635,4.49425,
11029,Mortsel,51.17153,4.45718,
11030,Niel,51.10883,4.33317,
11035,Ranst,51.19054,4.56023,
11037,Rumst,51.10556,4.39883,
11038,Schelle,51.12309,4.33848,
11039,Schilde,51.24717,4.58956,
11040,Schoten,51.25503,4.49791,
11044,Stabroek,51.33605,4.37916,
11050,Wijnegem,51.22721,4.51989,
11052,Wommelgem,51.20333,4.51432,
11053,Wuustwezel,51.37859,4.56913,
11054,Zandhoven,51.21734,4.66305,
11055,Zoersel,51.26840,4.66823,
11057,Malle,51.29440,4.68365,
12002,Berlaar,51.10853,4.65345,
12005,Bonheiden,51.02758,4.54591,
12007,Bornem,51.09137,4.22968,
12009,Duffel,51.09546,4.50907,
12014,Heist-op-den-Berg,51.06593,4.72322,
12021,Lier,51.13374,4.56600,
12025,Mechelen,51.02705,4.47771,mechelen
12026,Nijlen,51.16161,4.67309,
12029,Putte,51.04879,4.62507,
12035,Sint-Katelijne-Waver,51.05907,4.50845,
12040,Willebroek,51.05982,4.35684,
12041,Puurs-Sint-Amands,51.07484,4.28856,
13001,Arendonk,51.32227,5.08766,
13002,Baarle-Hertog,51.43530,4.92462,
13003,Balen,51.17213,5.17830,
13004,Beerse,51.31971,4.84847,
13006,Dessel,51.24249,5.12561,
13008,Geel,51.15815,4.98717,geel
13010,Grobbendonk,51.18726,4.73556,
13011,Herentals,51.17821,4.83409,
13012,Herenthout,51.13893,4.76421,
13013,Herselt,51.05208,4.89661,
13014,Hoogstraten,51.40049,4.75831,
13016,Hulshout,51.07323,4.80136,
13017,Kasterlee,51.24391,4.97262,
13019,Lille,51.24266,4.82368,
13021,Meerhout,51.12631,5.07686,
13023,Merksplas,51.36142,4.86081,
13025,Mol,51.19501,5.12476,mol
13029,Olen,51.16196,4.88558,
13031,Oud-Turnhout,51.32262,4.99103,
13035,Ravels,51.37436,5.00010,
13036,Retie,51.26923,5.08388,
13037,Rijkevorsel,51.34568,4.77055,
13040,Turnhout,51.32048,4.94388,turnhout
13044,Vorselaar,51.20734,4.76942,
13046,Vosselaar,51.31014,4.88442,
13049,Westerlo,51.09283,4.86979,
13053,Laakdal,51.08547,5.04690,
21001,Anderlecht,50.83495,4.30151,brussels
21002,Auderghem,50.81650,4.42062,brussels
21003,Berchem-Sainte-Agathe,50.86450,4.29604,brussels
21004,Bruxelles,50.88406,4.34580,brussels
21005,Etterbeek,50.83297,4.39310,brussels
21006,Evere,50.86926,4.40702,brussels
21007,Forest,50.81634,4.32958,brussels
21008,Ganshoren,50.87298,4.31115,brussels
21009,Ixelles,50.82394,4.37427,brussels
21010,Jette,50.87864,4.32788,brussels
21011,Koekelberg,50.86246,4.32421,brussels
21012,Molenbeek-Saint-Jean,50.85612,4.32280,brussels
21013,Saint-Gilles,50.82874,4.34492,brussels
21014,Saint-Josse-ten-Noode,50.85303,4.37337,brussels
21015,Schaerbeek,50.86271,4.38284,brussels
21016,Uccle,50.79896,4.34803,brussels
21017,Watermael-Boitsfort,50.80388,4.41052,brussels
21018,Woluwe-Saint-Lambert,50.84708,4.42626,brussels
21019,Woluwe-Saint-Pierre,50.83328,4.43841,brussels
23002,Asse,50.90971,4.19519,
23003,Beersel,50.74610,4.33275,
23009,Bever,50.71432,3.93136,
23016,Dilbeek,50.84817,4.26122,
23025,Grimbergen,50.93260,4.38178,
23027,Halle,50.73269,4.23911,halle
23033,Hoeilaart,50.76592,4.47619,
23038,Kampenhout,50.94671,4.56179,
23039,Kapelle-op-den-Bos,51.01072,4.36145,
23044,Liedekerke,50.86854,4.09315,
23045,Londerzeel,51.01263,4.29968,
23047,Machelen,50.91148,4.43814,
23050,Meise,50.94161,4.32752,
23052,Merchtem,50.96305,4.23108,
23060,Opwijk,50.96791,4.18202,
23062,Overijse,50.77193,4.52243,
23064,Pepingen,50.75728,4.16100,
23077,Sint-Pieters-Leeuw,50.79007,4.26715,
23081,Steenokkerzeel,50.91521,4.51194,
23086,Ternat,50.87455,4.13897,
23088,Vilvoorde,50.92554,4.41846,vilvoorde
23094,Zaventem,50.88373,4.47251,
23096,Zemst,50.98380,4.44762,
23097,Roosdaal,50.83804,4.08880,
23098,Drogenbos,50.78818,4.31454,
23099,Kraainem,50.84819,4.46753,
23100,Linkebeek,50.77070,4.33762,
23101,Sint-Genesius-Rode,50.74496,4.36521,
23102,Wemmel,50.90664,4.31111,
23103,Wezembeek-Oppem,50.84308,4.49072,
23104,Lennik,50.81302,4.14516,
23105,Affligem,50.91344,4.10804,
23106,Pajottegem,50.72245,4.03554,
24001,Aarschot,50.98987,4.83536,
24007,Begijnendijk,51.02142,4.78264,
24008,Bekkevoort,50.94059,4.97412,
24009,Bertem,50.86639,4.63312,
24011,Bierbeek,50.86263,4.75783,
24014,Boortmeerbeek,50.98720,4.54000,
24016,Boutersem,50.84099,4.83458,
24020,Diest,50.98323,5.05341,
24028,Geetbets,50.89345,5.10438,
24033,Haacht,50.97728,4.63148,
24038,Herent,50.90749,4.67410,
24041,Hoegaarden,50.77837,4.88775,
24043,Holsbeek,50.91643,4.74589,
24045,Huldenberg,50.78865,4.59089,
24048,Keerbergen,51.00543,4.64963,
24054,Kortenaken,50.90821,5.05952,
24055,Kortenberg,50.88543,4.53950,
24059,Landen,50.75141,5.08031,
24062,Leuven,50.87946,4.69942,leuven
24066,Lubbeek,50.88483,4.82303,
24086,Oud-Heverlee,50.83612,4.66317,
24094,Rotselaar,50.95642,4.73080,
24104,Tervuren,50.83137,4.51858,
24107,Tienen,50.80954,4.93861,
24109,Tremelo,50.99735,4.70698,
24130,Zoutleeuw,50.83653,5.11308,
24133,Linter,50.81245,5.02389,
24134,Scherpenheuvel-Zichem,50.97414,4.96266,
24135,Tielt-Winge,50.93560,4.91458,
24137,Glabbeek,50.84790,4.95273,
25005,Beauvechain,50.78156,4.72099,
25014,Braine-l'Alleud,50.68709,4.37150,
25015,Braine-le-Château,50.67987,4.27140,
25018,Chaumont-Gistoux,50.68189,4.70792,
25023,Court-Saint-Etienne,50.63594,4.56093,
25031,Genappe,50.63062,4.52019,
25037,Grez-Doiceau,50.73095,4.68138,
25043,Incourt,50.68047,4.78042,
25044,Ittre,50.64486,4.25261,
25048,Jodoigne,50.72269,4.86787,
25050,La Hulpe,50.73486,4.48312,
25068,Mont-Saint-Guibert,50.64058,4.61097,
25072,Nivelles,50.59782,4.32711,
25084,Perwez,50.62290,4.81305,
25091,Rixensart,50.70989,4.52663,
25105,Tubize,50.68783,4.20136,
25107,Villers-la-Ville,50.54810,4.53980,
25110,Waterloo,50.71022,4.39406,
25112,Wavre,50.71480,4.61694,wavre
25117,Chastre,50.61309,4.63767,
25118,Hélécine,50.75765,4.99041,
25119,Lasne,50.70535,4.46104,
25120,Orp-Jauche,50.70219,4.99237,
25121,Ottignies-Louvain-la-Neuve,50.66786,4.59083,
25122,Ramillies,50.64514,4.87130,
25123,Rebecq,50.66044,4.13194,
25124,Walhain,50.61601,4.68479,
31003,Beernem,51.13264,3.33019,
31004,Blankenberge,51.31392,3.13126,
31005,Brugge,51.21720,3.22041,bruges
31006,Damme,51.20759,3.32785,
31012,Jabbeke,51.19017,3.14361,
31022,Oostkamp,51.15328,3.24075,
31033,Torhout,51.06597,3.10010,
31040,Zedelgem,51.13591,3.14194,
31042,Zuienkerke,51.26356,3.15913,
31043,Knokke-Heist,51.34569,3.29393,
32003,Diksmuide,51.02992,2.87286,
32006,Houthulst,50.98023,2.94783,
32010,Koekelare,51.08986,2.96957,
32011,Kortemark,51.02923,3.03875,
32030,Lo-Reninge,50.98619,2.75419,
33011,Ieper,50.85082,2.88372,ieper
33016,Mesen,50.76264,2.89881,
33021,Poperinge,50.85392,2.72172,
33029,Wervik,50.78595,3.04478,
33037,Zonnebeke,50.86757,2.98494,
33039,Heuvelland,50.78315,2.89604,
33040,Langemark-Poelkapelle,50.91275,2.92214,
33041,Vleteren,50.90170,2.78963,
34002,Anzegem,50.84089,3.46716,
34003,Avelgem,50.77641,3.44266,
34009,Deerlijk,50.84650,3.36358,
34013,Harelbeke,50.84818,3.31197,
34022,Kortrijk,50.82419,3.27382,kortrijk
34023,Kuurne,50.85680,3.28034,
34025,Lendelede,50.88563,3.23647,
34027,Menen,50.79935,3.11836,
34040,Waregem,50.88365,3.42795,
34041,Wevelgem,50.81242,3.17735,
34042,Zwevegem,50.81078,3.33885,
34043,Spiere-Helkijn,50.72332,3.34738,
35002,Bredene,51.23590,2.96559,
35005,Gistel,51.15543,2.96351,
35006,Ichtegem,51.12936,3.02108,
35011,Middelkerke,51.18457,2.81403,
35013,Oostende,51.22319,2.91032,oostende
35014,Oudenburg,51.18753,3.00416,
35029,De Haan,51.26121,3.01879,
36006,Hooglede,50.98121,3.06601,
36007,Ingelmunster,50.91976,3.25717,
36008,Izegem,50.91632,3.21090,
36010,Ledegem,50.86065,3.12594,
36011,Lichtervelde,51.02774,3.13932,
36012,Moorslede,50.89137,3.07018,
36015,Roeselare,50.95090,3.12615,roeselare
36019,Staden,50.97143,3.00981,
37002,Dentergem,50.93261,3.40316,
37010,Oostrozebeke,50.92514,3.33505,
37011,Pittem,50.99250,3.26602,
37017,Wielsbeke,50.91027,3.36853,
37020,Ardooie,50.97392,3.19789,
37021,Wingene,51.06448,3.28521,
37022,Tielt,50.99683,3.33008,
38002,Alveringem,51.01122,2.71243,
38008,De Panne,51.09754,2.59117,
38014,Koksijde,51.11134,2.63354,
38016,Nieuwpoort,51.13755,2.73741,
38025,Veurne,51.07354,2.66916,
41002,Aalst,50.94161,4.04181,aalst
41011,Denderleeuw,50.88636,4.07058,
41018,Geraardsbergen,50.77105,3.88016,
41024,Haaltert,50.90170,4.00072,
41027,Herzele,50.88918,3.88472,
41034,Lede,50.96822,3.98183,
41048,Ninove,50.83868,4.02302,
41063,Sint-Lievens-Houtem,50.92028,3.85803,
41081,Zottegem,50.86835,3.81551,
41082,Erpe-Mere,50.91858,3.96605,
42003,Berlare,51.02228,4.00531,
42004,Buggenhout,51.01306,4.19513,
42006,Dendermonde,51.01964,4.11095,
42008,Hamme,51.09155,4.13186,
42010,Laarne,51.03485,3.86001,
42011,Lebbeke,50.99572,4.13705,
42023,Waasmunster,51.12056,4.08426,
42025,Wetteren,51.00348,3.87665,
42026,Wichelen,51.00166,3.97519,
42028,Zele,51.06548,4.03493,
43002,Assenede,51.22329,3.75594,
43005,Eeklo,51.18608,3.56496,
43007,Kaprijke,51.18979,3.63551,
43010,Maldegem,51.20537,3.44035,
43014,Sint-Laureins,51.23722,3.52701,
43018,Zelzate,51.19927,3.80588,
44013,Destelbergen,51.05968,3.78970,
44019,Evergem,51.11770,3.71080,
44020,Gavere,50.92405,3.64281,
44021,Gent,51.05471,3.71548,ghent
44052,Oosterzele,50.93616,3.77096,
44064,Sint-Martens-Latem,51.01327,3.63152,
44081,Zulte,50.91724,3.44957,
44083,Deinze,50.96961,3.52881,
44084,Aalter,51.09008,3.43784,
44085,Lievegem,51.10254,3.62336,
44086,Nazareth-De Pinte,50.99275,3.64450,
44087,Lochristi,51.09572,3.83219,
44088,Merelbeke-Melle,50.99703,3.74790,
45035,Oudenaarde,50.85262,3.61429,
45041,Ronse,50.74702,3.60439,
45059,Brakel,50.80345,3.76335,
45060,Kluisbergen,50.77138,3.48803,
45061,Wortegem-Petegem,50.83509,3.56167,
45062,Horebeke,50.84077,3.69346,
45063,Lierde,50.81857,3.83230,
45064,Maarkedal,50.78842,3.60275,
45065,Zwalm,50.87689,3.73333,
45068,Kruisem,50.91296,3.52312,
46020,Sint-Gillis-Waas,51.22155,4.11721,
46021,Sint-Niklaas,51.16561,4.14790,sint_niklaas
46024,Stekene,51.21125,4.03185,
46025,Temse,51.13126,4.21303,
46029,Lokeren,51.10328,3.98414,
46030,Beveren-Kruibeke-Zwijndrecht,51.21440,4.24907,
51004,Ath,50.62862,3.78166,
51008,Beloeil,50.52425,3.64709,
51009,Bernissart,50.47895,3.66718,
51012,Brugelette,50.59532,3.85725,
51014,Chièvres,50.57219,3.80653,
51017,Ellezelles,50.73464,3.67296,
51019,Flobecq,50.74632,3.73589,
51065,Frasnes-lez-Anvaing,50.67447,3.62428,
51067,Enghien,50.69403,4.06729,
51068,Silly,50.67685,3.93278,
51069,Lessines,50.70984,3.83267,
52010,Chapelle-lez-Herlaimont,50.47098,4.28037,
52011,Charleroi,50.44075,4.43102,charleroi
52012,Châtelet,50.42146,4.51381,
52015,Courcelles,50.45696,4.37476,
52018,Farciennes,50.43205,4.54390,
52021,Fleurus,50.47577,4.54268,
52022,Fontaine-l'Evêque,50.40992,4.32147,
52025,Gerpinnes,50.33747,4.50913,
52048,Montigny-le-Tilleul,50.37277,4.37832,
52055,Pont-à-Celles,50.50671,4.36825,
52074,Aiseau-Presles,50.41977,4.59266,
52075,Les Bons Villers,50.53650,4.44553,
53014,Boussu,50.42352,3.79395,
53020,Dour,50.39536,3.78879,
53028,Frameries,50.40763,3.89929,
53039,Hensies,50.42917,3.74067,
53044,Jurbise,50.51645,3.94577,
53046,Lens,50.55621,3.89701,
53053,Mons,50.45381,3.96087,mons
53065,Quaregnon,50.43585,3.86351,
53068,Quiévrain,50.40703,3.68637,
53070,Saint-Ghislain,50.47992,3.83523,
53082,Colfontaine,50.41327,3.84138,
53083,Honnelles,50.32993,3.70433,
53084,Quévy,50.37802,4.02886,
55004,Braine-le-Comte,50.60812,4.13855,
55035,Le Roeulx,50.50623,4.10873,
55040,Soignies,50.57494,4.06854,
55050,Ecaussinnes,50.56636,4.16109,
55085,Seneffe,50.52898,4.26466,
55086,Manage,50.48478,4.23164,
56001,Anderlues,50.40467,4.27309,
56005,Beaumont,50.23804,4.24124,
56016,Chimay,50.04936,4.31495,
56022,Erquelinnes,50.31033,4.11870,
56029,Froidchapelle,50.15252,4.33615,
56044,Lobbes,50.35798,4.27057,
56049,Merbes-le-Château,50.32608,4.16376,
56051,Momignies,50.02611,4.17284,
56078,Thuin,50.34196,4.29086,
56086,Ham-sur-Heure-Nalinnes,50.33299,4.44836,
56088,Sivry-Rance,50.14107,4.26661,
57003,Antoing,50.56605,3.44944,
57018,Celles,50.72442,3.40114,
57027,Estaimpuis,50.70795,3.25902,
57062,Pecq,50.68562,3.33456,
57064,Péruwelz,50.50858,3.59120,
57072,Rumes,50.54338,3.34076,
57081,Tournai,50.60645,3.38715,tournai
57093,Brunehaut,50.52196,3.44596,
57094,Leuze-en-Hainaut,50.59569,3.61843,
57095,Mont-de-l'Enclus,50.74610,3.50348,
57096,Mouscron,50.74311,3.20638,
57097,Comines-Warneton,50.77635,2.99997,
58001,La Louvière,50.47771,4.19131,
58002,Binche,50.41261,4.16854,
58003,Estinnes,50.39512,4.09881,
58004,Morlanwelz,50.45745,4.24051,
61003,Amay,50.55062,5.31616,
61010,Burdinne,50.58208,5.14462,
61012,Clavier,50.42510,5.35424,
61019,Ferrières,50.39529,5.62416,
61024,Hamoir,50.45114,5.56285,
61028,Héron,50.52581,5.12589,
61031,Huy,50.52291,5.23890,
61039,Marchin,50.48344,5.23118,
61041,Modave,50.47430,5.29356,
61043,Nandrin,50.51068,5.42847,
61048,Ouffet,50.43946,5.47273,
61063,Verlaine,50.60861,5.31328,
61068,Villers-le-Bouillet,50.56600,5.26768,
61072,Wanze,50.54611,5.23774,
61079,Anthisnes,50.48025,5.52197,
61080,Engis,50.58427,5.40099,
61081,Tinlot,50.48094,5.42168,
62003,Ans,50.65867,5.53132,
62006,Awans,50.66886,5.46422,
62009,Aywaille,50.46756,5.66823,
62011,Bassenge,50.75210,5.54499,
62015,Beyne-Heusay,50.62300,5.65724,
62022,Chaudfontaine,50.60184,5.63043,
62026,Comblain-au-Pont,50.47573,5.58171,
62027,Dalhem,50.73329,5.77881,
62032,Esneux,50.53433,5.57350,
62038,Fléron,50.61663,5.68433,
62051,Herstal,50.67094,5.62411,
62060,Juprelle,50.71421,5.57159,
62063,Liège,50.64282,5.57015,liege
62079,Oupeye,50.70874,5.64349,
62093,Saint-Nicolas,50.63838,5.51970,
62096,Seraing,50.59398,5.50627,
62099,Soumagne,50.62282,5.74138,
62100,Sprimont,50.50836,5.64575,
62108,Visé,50.73644,5.69776,
62118,Grâce-Hollogne,50.63739,5.50069,
62119,Blégny,50.65317,5.67768,
62120,Flémalle,50.60401,5.46310,
62121,Neupré,50.54878,5.46883,
62122,Trooz,50.57221,5.67615,
63001,Amel,50.36040,6.15306,
63003,Aubel,50.70335,5.85819,
63004,Baelen,50.63182,5.97669,
63012,Büllingen,50.40106,6.27509,
63013,Bütgenbach,50.43033,6.19096,
63020,Dison,50.60936,5.85253,
63023,Eupen,50.62817,6.03667,
63035,Herve,50.63752,5.80451,
63038,Jalhay,50.51202,5.92383,
63040,Kelmis,50.71926,6.01109,
63045,Lierneux,50.28693,5.80175,
63046,Limbourg,50.61518,5.94228,
63048,Lontzen,50.67116,5.99294,
63049,Malmedy,50.42409,6.02659,
63057,Olne,50.59216,5.73134,
63058,Pepinster,50.56842,5.79913,
63061,Raeren,50.66850,6.11952,
63067,Sankt Vith,50.28061,6.13075,
63072,Spa,50.48818,5.86697,
63073,Stavelot,50.39321,5.93427,
63075,Stoumont,50.41975,5.86758,
63076,Theux,50.53565,5.81500,
63079,Verviers,50.59108,5.86316,
63080,Waimes,50.41168,6.10802,
63084,Welkenraedt,50.66074,5.96926,
63086,Trois-Ponts,50.36628,5.86496,
63087,Burg-Reuland,50.22247,6.06429,
63088,Plombières,50.71470,5.95696,
63089,Thimister-Clermont,50.65572,5.85517,
64008,Berloz,50.69820,5.21610,
64015,Braives,50.62760,5.14397,
64021,Crisnée,50.70937,5.39895,
64023,Donceel,50.63767,5.31946,
64025,Fexhe-le-Haut-Clocher,50.65797,5.40726,
64029,Geer,50.67499,5.20327,
64034,Hannut,50.67130,5.08034,
64047,Lincent,50.71298,5.03199,
64056,Oreye,50.72592,5.34751,
64063,Remicourt,50.68060,5.32851,
64065,Saint-Georges-sur-Meuse,50.59052,5.36203,
64074,Waremme,50.69578,5.25274,
64075,Wasseiges,50.62325,5.00797,
64076,Faimes,50.65804,5.24648,
71002,As,51.00444,5.57686,
71004,Beringen,51.06464,5.26010,beringen
71011,Diepenbeek,50.91643,5.42945,diepenbeek
71016,Genk,50.96380,5.49024,genk
71017,Gingelom,50.75045,5.12945,
71020,Halen,50.94096,5.09578,
71024,Herk-de-Stad,50.92699,5.17727,
71034,Leopoldsburg,51.12232,5.25748,
71037,Lummen,50.99488,5.19799,
71045,Nieuwerkerken,50.86804,5.19376,
71053,Sint-Truiden,50.81992,5.18870,
71066,Zonhoven,50.98948,5.37292,
71067,Zutendaal,50.93708,5.57484,
71070,Heusden-Zolder,51.01474,5.29884,
71071,Tessenderlo-Ham,51.06189,5.08394,
71072,Hasselt,50.93154,5.34314,hasselt
72003,Bocholt,51.18016,5.57906,
72004,Bree,51.14115,5.59749,
72018,Kinrooi,51.14359,5.74036,kinrooi
72020,Lommel,51.22683,5.31770,lommel
72021,Maaseik,51.09947,5.78400,maaseik
72030,Peer,51.11991,5.45475,
72037,Hamont-Achel,51.24822,5.54657,hamont_achel
72038,Hechtel-Eksel,51.12127,5.36438,
72039,Houthalen-Helchteren,51.02837,5.41005,
72041,Dilsen-Stokkem,51.03471,5.71764,
72042,Oudsbergen,51.04196,5.58051,
72043,Pelt,51.20762,5.41089,
73001,Alken,50.87913,5.29163,
73022,Heers,50.75035,5.29999,
73028,Herstappe,50.72679,5.42541,
73042,Lanaken,50.89323,5.65086,
73066,Riemst,50.79475,5.62246,
73098,Wellen,50.84430,5.33979,
73107,Maasmechelen,50.96831,5.68694,maasmechelen
73109,Voeren,50.75785,5.76793,
73110,Bilzen-Hoeselt,50.87376,5.51286,bilzen
73111,Tongeren-Borgloon,50.78200,5.46581,
81001,Arlon,49.68299,5.81330,
81003,Attert,49.75189,5.77727,
81004,Aubange,49.56538,5.83676,
81013,Martelange,49.83390,5.73448,
81015,Messancy,49.59524,5.81889,
82009,Fauvillers,49.85606,5.67140,
82014,Houffalize,50.13061,5.78796,
82032,Vielsalm,50.28273,5.91581,
82036,Vaux-sur-Sûre,49.97348,5.63162,
82037,Gouvy,50.17551,5.93886,
82038,Sainte-Ode,50.03333,5.53312,
82039,Bastogne,50.00362,5.70809,
83012,Durbuy,50.34732,5.49088,
83013,Erezée,50.28963,5.50377,
83028,Hotton,50.27265,5.44559,
83031,La Roche-en-Ardenne,50.18160,5.57969,
83034,Marche-en-Famenne,50.22934,5.34570,
83040,Nassogne,50.12614,5.35331,
83044,Rendeux,50.23099,5.49589,
83049,Tenneville,50.08711,5.51504,
83055,Manhay,50.35363,5.64971,
84009,Bertrix,49.85428,5.25478,
84010,Bouillon,49.79221,5.07386,
84016,Daverdisse,50.00386,5.02285,
84029,Herbeumont,49.78200,5.24775,
84033,Léglise,49.79831,5.57943,
84035,Libin,49.98267,5.26753,
84043,Neufchâteau,49.84306,5.43671,
84050,Paliseul,49.90196,5.13482,
84059,Saint-Hubert,50.02719,5.37278,
84068,Tellin,50.08123,5.21888,
84075,Wellin,50.08024,5.11382,
84077,Libramont-Chevigny,49.91933,5.37901,
85007,Chiny,49.69124,5.37326,
85009,Etalle,49.66762,5.61343,
85011,Florenville,49.69607,5.30960,
85024,Meix-devant-Virton,49.60484,5.47675,
85026,Musson,49.55856,5.70091,
85034,Saint-Léger,49.61251,5.65174,
85039,Tintigny,49.68275,5.51325,
85045,Virton,49.57097,5.53312,
85046,Habay,49.72939,5.64579,
85047,Rouvroy,49.55458,5.49148,
91005,Anhée,50.30984,4.86511,
91013,Beauraing,50.11167,4.95850,
91015,Bièvre,49.94080,5.01690,
91030,Ciney,50.29436,5.10063,
91034,Dinant,50.25610,4.91440,
91054,Gedinne,49.97951,4.94542,
91059,Hamois,50.34569,5.16165,
91064,Havelange,50.38973,5.24486,
91072,Houyet,50.16801,4.88586,
91103,Onhaye,50.23983,4.84420,
91114,Rochefort,50.16065,5.21927,
91120,Somme-Leuze,50.30219,5.36763,
91141,Yvoir,50.32393,4.89721,
91142,Hastière,50.21508,4.81022,
91143,Vresse-sur-Semois,49.84623,4.96552,
92003,Andenne,50.48773,5.10118,
92006,Assesse,50.36633,5.02472,
92035,Eghezée,50.59278,4.90878,
92045,Floreffe,50.42663,4.76514,
92048,Fosses-la-Ville,50.39230,4.69408,
92054,Gesves,50.40910,5.06392,
92087,Mettet,50.32798,4.65722,
92094,Namur,50.46366,4.85832,namur
92097,Ohey,50.43552,5.12176,
92101,Profondeville,50.39081,4.82263,
92114,Sombreffe,50.53220,4.60510,
92137,Sambreville,50.44524,4.63403,
92138,Fernelmont,50.57895,5.00487,
92140,Jemeppe-sur-Sambre,50.46320,4.65658,
92141,La Bruyère,50.55236,4.79503,
92142,Gembloux,50.56474,4.69750,
93010,Cerfontaine,50.16663,4.41037,
93014,Couvin,50.04848,4.49602,
93018,Doische,50.14037,4.75125,
93022,Florennes,50.25071,4.60685,
93056,Philippeville,50.19463,4.54352,
93088,Walcourt,50.28593,4.43036,
93090,Viroinval,50.07372,4.54992,
