id,nis_code,name,name_fr,name_nl,language,location
11001,11001,Aartselaar,Aartselaar,Aartselaar,N,"Aartselaar, Belgium"
11002,11002,Antwerpen,Anvers,Antwerpen,N,"Antwerpen, Belgium"
11004,11004,Boechout,Boechout,Boechout,N,"Boechout, Belgium"
11005,11005,Boom,Boom,Boom,N,"Boom, Belgium"
11008,11008,Brasschaat,Brasschaat,Brasschaat,N,"Brasschaat, Belgium"
11009,11009,Brecht,Brecht,Brecht,N,"Brecht, Belgium"
11013,11013,Edegem,Edegem,Edegem,N,"Edegem, Belgium"
11016,11016,Essen,Essen,Essen,N,"Essen, Belgium"
11018,11018,Hemiksem,Hemiksem,Hemiksem,N,"Hemiksem, Belgium"
11021,11021,Hove,Hove,Hove,N,"Hove, Belgium"
11022,11022,Kalmthout,Kalmthout,Kalmthout,N,"Kalmthout, Belgium"
11023,11023,Kapellen,Kapellen,Kapellen,N,"Kapellen, Belgium"
11024,11024,Kontich,Kontich,Kontich,N,"Kontich, Belgium"
11025,11025,Lint,Lint,Lint,N,"Lint, Belgium"
11029,11029,Mortsel,Mortsel,Mortsel,N,"Mortsel, Belgium"
11030,11030,Niel,Niel,Niel,N,"Niel, Belgium"
11035,11035,Ranst,Ranst,Ranst,N,"Ranst, Belgium"
11037,11037,Rumst,Rumst,Rumst,N,"Rumst, Belgium"
11038,11038,Schelle,Schelle,Schelle,N,"Schelle, Belgium"
11039,11039,Schilde,Schilde,Schilde,N,"Schilde, Belgium"
11040,11040,Schoten,Schoten,Schoten,N,"Schoten, Belgium"
11044,11044,Stabroek,Stabroek,Stabroek,N,"Stabroek, Belgium"
11050,11050,Wijnegem,Wijnegem,Wijnegem,N,"Wijnegem, Belgium"
11052,11052,Wommelgem,Wommelgem,Wommelgem,N,"Wommelgem, Belgium"
11053,11053,Wuustwezel,Wuustwezel,Wuustwezel,N,"Wuustwezel, Belgium"
11054,11054,Zandhoven,Zandhoven,Zandhoven,N,"Zandhoven, Belgium"
11055,11055,Zoersel,Zoersel,Zoersel,N,"Zoersel, Belgium"
11057,11057,Malle,Malle,Malle,N,"Malle, Belgium"
12002,12002,Berlaar,Berlaar,Berlaar,N,"Berlaar, Belgium"
12005,12005,Bonheiden,Bonheiden,Bonheiden,N,"Bonheiden, Belgium"
12007,12007,Bornem,Bornem,Bornem,N,"Bornem, Belgium"
12009,12009,Duffel,Duffel,Duffel,N,"Duffel, Belgium"
12014,12014,Heist-op-den-Berg,Heist-op-den-Berg,Heist-op-den-Berg,N,"Heist-op-den-Berg, Belgium"
12021,12021,Lier,Lierre,Lier,N,"Lier, Belgium"
12025,12025,Mechelen,Malines,Mechelen,N,"Mechelen, Belgium"
12026,12026,Nijlen,Nijlen,Nijlen,N,"Nijlen, Belgium"
12029,12029,Putte,Putte,Putte,N,"Putte, Belgium"
12035,12035,Sint-Katelijne-Waver,Sint-Katelijne-Waver,Sint-Katelijne-Waver,N,"Sint-Katelijne-Waver, Belgium"
12040,12040,Willebroek,Willebroek,Willebroek,N,"Willebroek, Belgium"
12041,12041,Puurs-Sint-Amands,Puurs-Sint-Amands,Puurs-Sint-Amands,N,"Puurs-Sint-Amands, Belgium"
13001,13001,Arendonk,Arendonk,Arendonk,N,"Arendonk, Belgium"
13002,13002,Baarle-Hertog,Baerle-Duc,Baarle-Hertog,N,"Baarle-Hertog, Belgium"
13003,13003,Balen,Balen,Balen,N,"Balen, Belgium"
13004,13004,Beerse,Beerse,Beerse,N,"Beerse, Belgium"
13006,13006,Dessel,Dessel,Dessel,N,"Dessel, Belgium"
13008,13008,Geel,Geel,Geel,N,"Geel, Belgium"
13010,13010,Grobbendonk,Grobbendonk,Grobbendonk,N,"Grobbendonk, Belgium"
13011,13011,Herentals,Herentals,Herentals,N,"Herentals, Belgium"
13012,13012,Herenthout,Herenthout,Herenthout,N,"Herenthout, Belgium"
13013,13013,Herselt,Herselt,Herselt,N,"Herselt, Belgium"
13014,13014,Hoogstraten,Hoogstraten,Hoogstraten,N,"Hoogstraten, Belgium"
13016,13016,Hulshout,Hulshout,Hulshout,N,"Hulshout, Belgium"
13017,13017,Kasterlee,Kasterlee,Kasterlee,N,"Kasterlee, Belgium"
13019,13019,Lille,Lille,Lille,N,"Lille, Belgium"
13021,13021,Meerhout,Meerhout,Meerhout,N,"Meerhout, Belgium"
13023,13023,Merksplas,Merksplas,Merksplas,N,"Merksplas, Belgium"
13025,13025,Mol,Mol,Mol,N,"Mol, Belgium"
13029,13029,Olen,Olen,Olen,N,"Olen, Belgium"
13031,13031,Oud-Turnhout,Oud-Turnhout,Oud-Turnhout,N,"Oud-Turnhout, Belgium"
13035,13035,Ravels,Ravels,Ravels,N,"Ravels, Belgium"
13036,13036,Retie,Retie,Retie,N,"Retie, Belgium"
13037,13037,Rijkevorsel,Rijkevorsel,Rijkevorsel,N,"Rijkevorsel, Belgium"
13040,13040,Turnhout,Turnhout,Turnhout,N,"Turnhout, Belgium"
13044,13044,Vorselaar,Vorselaar,Vorselaar,N,"Vorselaar, Belgium"
13046,13046,Vosselaar,Vosselaar,Vosselaar,N,"Vosselaar, Belgium"
13049,13049,Westerlo,Westerlo,Westerlo,N,"Westerlo, Belgium"
13053,13053,Laakdal,Laakdal,Laakdal,N,"Laakdal, Belgium"
21001,21001,Anderlecht,Anderlecht,Anderlecht,FN,"Anderlecht, Belgium"
21002,21002,Auderghem,Auderghem,Oudergem,FN,"Auderghem, Belgium"
21003,21003,Berchem-Sainte-Agathe,Berchem-Sainte-Agathe,Sint-Agatha-Berchem,FN,"Berchem-Sainte-Agathe, Belgium"
21004,21004,Bruxelles,Bruxelles,Brussel,FN,"Bruxelles, Belgium"
21005,21005,Etterbeek,Etterbeek,Etterbeek,FN,"Etterbeek, Belgium"
21006,21006,Evere,Evere,Evere,FN,"Evere, Belgium"
21007,21007,Forest,Forest,Vorst,FN,"Forest, Belgium"
21008,21008,Ganshoren,Ganshoren,Ganshoren,FN,"Ganshoren, Belgium"
21009,21009,Ixelles,Ixelles,Elsene,FN,"Ixelles, Belgium"
21010,21010,Jette,Jette,Jette,FN,"Jette, Belgium"
21011,21011,Koekelberg,Koekelberg,Koekelberg,FN,"Koekelberg, Belgium"
21012,21012,Molenbeek-Saint-Jean,Molenbeek-Saint-Jean,Sint-Jans-Molenbeek,FN,"Molenbeek-Saint-Jean, Belgium"
21013,21013,Saint-Gilles,Saint-Gilles,Sint-Gillis,FN,"Saint-Gilles, Belgium"
21014,21014,Saint-Josse-ten-Noode,Saint-Josse-ten-Noode,Sint-Joost-ten-Node,FN,"Saint-Josse-ten-Noode, Belgium"
21015,21015,Schaerbeek,Schaerbeek,Schaarbeek,FN,"Schaerbeek, Belgium"
21016,21016,Uccle,Uccle,Ukkel,FN,"Uccle, Belgium"
21017,21017,Watermael-Boitsfort,Watermael-Boitsfort,Watermaal-Bosvoorde,FN,"Watermael-Boitsfort, Belgium"
21018,21018,Woluwe-Saint-Lambert,Woluwe-Saint-Lambert,Sint-Lambrechts-Woluwe,FN,"Woluwe-Saint-Lambert, Belgium"
21019,21019,Woluwe-Saint-Pierre,Woluwe-Saint-Pierre,Sint-Pieters-Woluwe,FN,"Woluwe-Saint-Pierre, Belgium"
23002,23002,Asse,Asse,Asse,N,"Asse, Belgium"
23003,23003,Beersel,Beersel,Beersel,N,"Beersel, Belgium"
23009,23009,Bever,Biévène,Bever,N,"Bever, Belgium"
23016,23016,Dilbeek,Dilbeek,Dilbeek,N,"Dilbeek, Belgium"
23025,23025,Grimbergen,Grimbergen,Grimbergen,N,"Grimbergen, Belgium"
23027,23027,Halle,Hal,Halle,N,"Halle, Belgium"
23033,23033,Hoeilaart,Hoeilaart,Hoeilaart,N,"Hoeilaart, Belgium"
23038,23038,Kampenhout,Kampenhout,Kampenhout,N,"Kampenhout, Belgium"
23039,23039,Kapelle-op-den-Bos,Kapelle-op-den-Bos,Kapelle-op-den-Bos,N,"Kapelle-op-den-Bos, Belgium"
23044,23044,Liedekerke,Liedekerke,Liedekerke,N,"Liedekerke, Belgium"
23045,23045,Londerzeel,Londerzeel,Londerzeel,N,"Londerzeel, Belgium"
23047,23047,Machelen,Machelen,Machelen,N,"Machelen, Belgium"
23050,23050,Meise,Meise,Meise,N,"Meise, Belgium"
23052,23052,Merchtem,Merchtem,Merchtem,N,"Merchtem, Belgium"
23060,23060,Opwijk,Opwijk,Opwijk,N,"Opwijk, Belgium"
23062,23062,Overijse,Overijse,Overijse,N,"Overijse, Belgium"
23064,23064,Pepingen,Pepingen,Pepingen,N,"Pepingen, Belgium"
23077,23077,Sint-Pieters-Leeuw,Sint-Pieters-Leeuw,Sint-Pieters-Leeuw,N,"Sint-Pieters-Leeuw, Belgium"
23081,23081,Steenokkerzeel,Steenokkerzeel,Steenokkerzeel,N,"Steenokkerzeel, Belgium"
23086,23086,Ternat,Ternat,Ternat,N,"Ternat, Belgium"
23088,23088,Vilvoorde,Vilvorde,Vilvoorde,N,"Vilvoorde, Belgium"
23094,23094,Zaventem,Zaventem,Zaventem,N,"Zaventem, Belgium"
23096,23096,Zemst,Zemst,Zemst,N,"Zemst, Belgium"
23097,23097,Roosdaal,Roosdaal,Roosdaal,N,"Roosdaal, Belgium"
23098,23098,Drogenbos,Drogenbos,Drogenbos,N,"Drogenbos, Belgium"
23099,23099,Kraainem,Kraainem,Kraainem,N,"Kraainem, Belgium"
23100,23100,Linkebeek,Linkebeek,Linkebeek,N,"Linkebeek, Belgium"
23101,23101,Sint-Genesius-Rode,Rhode-Saint-Genèse,Sint-Genesius-Rode,N,"Sint-Genesius-Rode, Belgium"
23102,23102,Wemmel,Wemmel,Wemmel,N,"Wemmel, Belgium"
23103,23103,Wezembeek-Oppem,Wezembeek-Oppem,Wezembeek-Oppem,N,"Wezembeek-Oppem, Belgium"
23104,23104,Lennik,Lennik,Lennik,N,"Lennik, Belgium"
23105,23105,Affligem,Affligem,Affligem,N,"Affligem, Belgium"
23106,23106,Pajottegem,Pajottegem,Pajottegem,N,"Pajottegem, Belgium"
24001,24001,Aarschot,Aarschot,Aarschot,N,"Aarschot, Belgium"
24007,24007,Begijnendijk,Begijnendijk,Begijnendijk,N,"Begijnendijk, Belgium"
24008,24008,Bekkevoort,Bekkevoort,Bekkevoort,N,"Bekkevoort, Belgium"
24009,24009,Bertem,Bertem,Bertem,N,"Bertem, Belgium"
24011,24011,Bierbeek,Bierbeek,Bierbeek,N,"Bierbeek, Belgium"
24014,24014,Boortmeerbeek,Boortmeerbeek,Boortmeerbeek,N,"Boortmeerbeek, Belgium"
24016,24016,Boutersem,Boutersem,Boutersem,N,"Boutersem, Belgium"
24020,24020,Diest,Diest,Diest,N,"Diest, Belgium"
24028,24028,Geetbets,Geetbets,Geetbets,N,"Geetbets, Belgium"
24033,24033,Haacht,Haacht,Haacht,N,"Haacht, Belgium"
24038,24038,Herent,Herent,Herent,N,"Herent, Belgium"
24041,24041,Hoegaarden,Hoegaarden,Hoegaarden,N,"Hoegaarden, Belgium"
24043,24043,Holsbeek,Holsbeek,Holsbeek,N,"Holsbeek, Belgium"
24045,24045,Huldenberg,Huldenberg,Huldenberg,N,"Huldenberg, Belgium"
24048,24048,Keerbergen,Keerbergen,Keerbergen,N,"Keerbergen, Belgium"
24054,24054,Kortenaken,Kortenaken,Kortenaken,N,"Kortenaken, Belgium"
24055,24055,Kortenberg,Kortenberg,Kortenberg,N,"Kortenberg, Belgium"
24059,24059,Landen,Landen,Landen,N,"Landen, Belgium"
24062,24062,Leuven,Louvain,Leuven,N,"Leuven, Belgium"
24066,24066,Lubbeek,Lubbeek,Lubbeek,N,"Lubbeek, Belgium"
24086,24086,Oud-Heverlee,Oud-Heverlee,Oud-Heverlee,N,"Oud-Heverlee, Belgium"
24094,24094,Rotselaar,Rotselaar,Rotselaar,N,"Rotselaar, Belgium"
24104,24104,Tervuren,Tervuren,Tervuren,N,"Tervuren, Belgium"
24107,24107,Tienen,Tirlemont,Tienen,N,"Tienen, Belgium"
24109,24109,Tremelo,Tremelo,Tremelo,N,"Tremelo, Belgium"
24130,24130,Zoutleeuw,Léau,Zoutleeuw,N,"Zoutleeuw, Belgium"
24133,24133,Linter,Linter,Linter,N,"Linter, Belgium"
24134,24134,Scherpenheuvel-Zichem,Montaigu-Zichem,Scherpenheuvel-Zichem,N,"Scherpenheuvel-Zichem, Belgium"
24135,24135,Tielt-Winge,Tielt-Winge,Tielt-Winge,N,"Tielt-Winge, Belgium"
24137,24137,Glabbeek,Glabbeek,Glabbeek,N,"Glabbeek, Belgium"
25005,25005,Beauvechain,Beauvechain,Bevekom,F,"Beauvechain, Belgium"
25014,25014,Braine-l'Alleud,Braine-l'Alleud,Eigenbrakel,F,"Braine-l'Alleud, Belgium"
25015,25015,Braine-le-Château,Braine-le-Château,Kasteelbrakel,F,"Braine-le-Château, Belgium"
25018,25018,Chaumont-Gistoux,Chaumont-Gistoux,Chaumont-Gistoux,F,"Chaumont-Gistoux, Belgium"
25023,25023,Court-Saint-Etienne,Court-Saint-Etienne,Court-Saint-Etienne,F,"Court-Saint-Etienne, Belgium"
25031,25031,Genappe,Genappe,Genepien,F,"Genappe, Belgium"
25037,25037,Grez-Doiceau,Grez-Doiceau,Graven,F,"Grez-Doiceau, Belgium"
25043,25043,Incourt,Incourt,Incourt,F,"Incourt, Belgium"
25044,25044,Ittre,Ittre,Itter,F,"Ittre, Belgium"
25048,25048,Jodoigne,Jodoigne,Geldenaken,F,"Jodoigne, Belgium"
25050,25050,La Hulpe,La Hulpe,Terhulpen,F,"La Hulpe, Belgium"
25068,25068,Mont-Saint-Guibert,Mont-Saint-Guibert,Mont-Saint-Guibert,F,"Mont-Saint-Guibert, Belgium"
25072,25072,Nivelles,Nivelles,Nijvel,F,"Nivelles, Belgium"
25084,25084,Perwez,Perwez,Perwijs,F,"Perwez, Belgium"
25091,25091,Rixensart,Rixensart,Rixensart,F,"Rixensart, Belgium"
25105,25105,Tubize,Tubize,Tubeke,F,"Tubize, Belgium"
25107,25107,Villers-la-Ville,Villers-la-Ville,Villers-la-Ville,F,"Villers-la-Ville, Belgium"
25110,25110,Waterloo,Waterloo,Waterloo,F,"Waterloo, Belgium"
25112,25112,Wavre,Wavre,Waver,F,"Wavre, Belgium"
25117,25117,Chastre,Chastre,Chastre,F,"Chastre, Belgium"
25118,25118,Hélécine,Hélécine,Hélécine,F,"Hélécine, Belgium"
25119,25119,Lasne,Lasne,Lasne,F,"Lasne, Belgium"
25120,25120,Orp-Jauche,Orp-Jauche,Orp-Jauche,F,"Orp-Jauche, Belgium"
25121,25121,Ottignies-Louvain-la-Neuve,Ottignies-Louvain-la-Neuve,Ottignies-Louvain-la-Neuve,F,"Ottignies-Louvain-la-Neuve, Belgium"
25122,25122,Ramillies,Ramillies,Ramillies,F,"Ramillies, Belgium"
25123,25123,Rebecq,Rebecq,Rebecq,F,"Rebecq, Belgium"
25124,25124,Walhain,Walhain,Walhain,F,"Walhain, Belgium"
31003,31003,Beernem,Beernem,Beernem,N,"Beernem, Belgium"
31004,31004,Blankenberge,Blankenberge,Blankenberge,N,"Blankenberge, Belgium"
31005,31005,Brugge,Bruges,Brugge,N,"Brugge, Belgium"
31006,31006,Damme,Damme,Damme,N,"Damme, Belgium"
31012,31012,Jabbeke,Jabbeke,Jabbeke,N,"Jabbeke, Belgium"
31022,31022,Oostkamp,Oostkamp,Oostkamp,N,"Oostkamp, Belgium"
31033,31033,Torhout,Torhout,Torhout,N,"Torhout, Belgium"
31040,31040,Zedelgem,Zedelgem,Zedelgem,N,"Zedelgem, Belgium"
31042,31042,Zuienkerke,Zuienkerke,Zuienkerke,N,"Zuienkerke, Belgium"
31043,31043,Knokke-Heist,Knokke-Heist,Knokke-Heist,N,"Knokke-Heist, Belgium"
32003,32003,Diksmuide,Dixmude,Diksmuide,N,"Diksmuide, Belgium"
32006,32006,Houthulst,Houthulst,Houthulst,N,"Houthulst, Belgium"
32010,32010,Koekelare,Koekelare,Koekelare,N,"Koekelare, Belgium"
32011,32011,Kortemark,Kortemark,Kortemark,N,"Kortemark, Belgium"
32030,32030,Lo-Reninge,Lo-Reninge,Lo-Reninge,N,"Lo-Reninge, Belgium"
33011,33011,Ieper,Ypres,Ieper,N,"Ieper, Belgium"
33016,33016,Mesen,Messines,Mesen,N,"Mesen, Belgium"
33021,33021,Poperinge,Poperinge,Poperinge,N,"Poperinge, Belgium"
33029,33029,Wervik,Wervik,Wervik,N,"Wervik, Belgium"
33037,33037,Zonnebeke,Zonnebeke,Zonnebeke,N,"Zonnebeke, Belgium"
33039,33039,Heuvelland,Heuvelland,Heuvelland,N,"Heuvelland, Belgium"
33040,33040,Langemark-Poelkapelle,Langemark-Poelkapelle,Langemark-Poelkapelle,N,"Langemark-Poelkapelle, Belgium"
33041,33041,Vleteren,Vleteren,Vleteren,N,"Vleteren, Belgium"
34002,34002,Anzegem,Anzegem,Anzegem,N,"Anzegem, Belgium"
34003,34003,Avelgem,Avelgem,Avelgem,N,"Avelgem, Belgium"
34009,34009,Deerlijk,Deerlijk,Deerlijk,N,"Deerlijk, Belgium"
34013,34013,Harelbeke,Harelbeke,Harelbeke,N,"Harelbeke, Belgium"
34022,34022,Kortrijk,Courtrai,Kortrijk,N,"Kortrijk, Belgium"
34023,34023,Kuurne,Kuurne,Kuurne,N,"Kuurne, Belgium"
34025,34025,Lendelede,Lendelede,Lendelede,N,"Lendelede, Belgium"
34027,34027,Menen,Menin,Menen,N,"Menen, Belgium"
34040,34040,Waregem,Waregem,Waregem,N,"Waregem, Belgium"
34041,34041,Wevelgem,Wevelgem,Wevelgem,N,"Wevelgem, Belgium"
34042,34042,Zwevegem,Zwevegem,Zwevegem,N,"Zwevegem, Belgium"
34043,34043,Spiere-Helkijn,Espierres-Helchin,Spiere-Helkijn,N,"Spiere-Helkijn, Belgium"
35002,35002,Bredene,Bredene,Bredene,N,"Bredene, Belgium"
35005,35005,Gistel,Gistel,Gistel,N,"Gistel, Belgium"
35006,35006,Ichtegem,Ichtegem,Ichtegem,N,"Ichtegem, Belgium"
35011,35011,Middelkerke,Middelkerke,Middelkerke,N,"Middelkerke, Belgium"
35013,35013,Oostende,Ostende,Oostende,N,"Oostende, Belgium"
35014,35014,Oudenburg,Oudenburg,Oudenburg,N,"Oudenburg, Belgium"
35029,35029,De Haan,De Haan,De Haan,N,"De Haan, Belgium"
36006,36006,Hooglede,Hooglede,Hooglede,N,"Hooglede, Belgium"
36007,36007,Ingelmunster,Ingelmunster,Ingelmunster,N,"Ingelmunster, Belgium"
36008,36008,Izegem,Izegem,Izegem,N,"Izegem, Belgium"
36010,36010,Ledegem,Ledegem,Ledegem,N,"Ledegem, Belgium"
36011,36011,Lichtervelde,Lichtervelde,Lichtervelde,N,"Lichtervelde, Belgium"
36012,36012,Moorslede,Moorslede,Moorslede,N,"Moorslede, Belgium"
36015,36015,Roeselare,Roulers,Roeselare,N,"Roeselare, Belgium"
36019,36019,Staden,Staden,Staden,N,"Staden, Belgium"
37002,37002,Dentergem,Dentergem,Dentergem,N,"Dentergem, Belgium"
37010,37010,Oostrozebeke,Oostrozebeke,Oostrozebeke,N,"Oostrozebeke, Belgium"
37011,37011,Pittem,Pittem,Pittem,N,"Pittem, Belgium"
37017,37017,Wielsbeke,Wielsbeke,Wielsbeke,N,"Wielsbeke, Belgium"
37020,37020,Ardooie,Ardooie,Ardooie,N,"Ardooie, Belgium"
37021,37021,Wingene,Wingene,Wingene,N,"Wingene, Belgium"
37022,37022,Tielt,Tielt,Tielt,N,"Tielt, Belgium"
38002,38002,Alveringem,Alveringem,Alveringem,N,"Alveringem, Belgium"
38008,38008,De Panne,La Panne,De Panne,N,"De Panne, Belgium"
38014,38014,Koksijde,Koksijde,Koksijde,N,"Koksijde, Belgium"
38016,38016,Nieuwpoort,Nieuport,Nieuwpoort,N,"Nieuwpoort, Belgium"
38025,38025,Veurne,Furnes,Veurne,N,"Veurne, Belgium"
41002,41002,Aalst,Alost,Aalst,N,"Aalst, Belgium"
41011,41011,Denderleeuw,Denderleeuw,Denderleeuw,N,"Denderleeuw, Belgium"
41018,41018,Geraardsbergen,Grammont,Geraardsbergen,N,"Geraardsbergen, Belgium"
41024,41024,Haaltert,Haaltert,Haaltert,N,"Haaltert, Belgium"
41027,41027,Herzele,Herzele,Herzele,N,"Herzele, Belgium"
41034,41034,Lede,Lede,Lede,N,"Lede, Belgium"
41048,41048,Ninove,Ninove,Ninove,N,"Ninove, Belgium"
41063,41063,Sint-Lievens-Houtem,Sint-Lievens-Houtem,Sint-Lievens-Houtem,N,"Sint-Lievens-Houtem, Belgium"
41081,41081,Zottegem,Zottegem,Zottegem,N,"Zottegem, Belgium"
41082,41082,Erpe-Mere,Erpe-Mere,Erpe-Mere,N,"Erpe-Mere, Belgium"
42003,42003,Berlare,Berlare,Berlare,N,"Berlare, Belgium"
42004,42004,Buggenhout,Buggenhout,Buggenhout,N,"Buggenhout, Belgium"
42006,42006,Dendermonde,Termonde,Dendermonde,N,"Dendermonde, Belgium"
42008,42008,Hamme,Hamme,Hamme,N,"Hamme, Belgium"
42010,42010,Laarne,Laarne,Laarne,N,"Laarne, Belgium"
42011,42011,Lebbeke,Lebbeke,Lebbeke,N,"Lebbeke, Belgium"
42023,42023,Waasmunster,Waasmunster,Waasmunster,N,"Waasmunster, Belgium"
42025,42025,Wetteren,Wetteren,Wetteren,N,"Wetteren, Belgium"
42026,42026,Wichelen,Wichelen,Wichelen,N,"Wichelen, Belgium"
42028,42028,Zele,Zele,Zele,N,"Zele, Belgium"
43002,43002,Assenede,Assenede,Assenede,N,"Assenede, Belgium"
43005,43005,Eeklo,Eeklo,Eeklo,N,"Eeklo, Belgium"
43007,43007,Kaprijke,Kaprijke,Kaprijke,N,"Kaprijke, Belgium"
43010,43010,Maldegem,Maldegem,Maldegem,N,"Maldegem, Belgium"
43014,43014,Sint-Laureins,Sint-Laureins,Sint-Laureins,N,"Sint-Laureins, Belgium"
43018,43018,Zelzate,Zelzate,Zelzate,N,"Zelzate, Belgium"
44013,44013,Destelbergen,Destelbergen,Destelbergen,N,"Destelbergen, Belgium"
44019,44019,Evergem,Evergem,Evergem,N,"Evergem, Belgium"
44020,44020,Gavere,Gavere,Gavere,N,"Gavere, Belgium"
44021,44021,Gent,Gand,Gent,N,"Gent, Belgium"
44052,44052,Oosterzele,Oosterzele,Oosterzele,N,"Oosterzele, Belgium"
44064,44064,Sint-Martens-Latem,Sint-Martens-Latem,Sint-Martens-Latem,N,"Sint-Martens-Latem, Belgium"
44081,44081,Zulte,Zulte,Zulte,N,"Zulte, Belgium"
44083,44083,Deinze,Deinze,Deinze,N,"Deinze, Belgium"
44084,44084,Aalter,Aalter,Aalter,N,"Aalter, Belgium"
44085,44085,Lievegem,Lievegem,Lievegem,N,"Lievegem, Belgium"
44086,44086,Nazareth-De Pinte,Nazareth-De Pinte,Nazareth-De Pinte,N,"Nazareth-De Pinte, Belgium"
44087,44087,Lochristi,Lochristi,Lochristi,N,"Lochristi, Belgium"
44088,44088,Merelbeke-Melle,Merelbeke-Melle,Merelbeke-Melle,N,"Merelbeke-Melle, Belgium"
45035,45035,Oudenaarde,Audenarde,Oudenaarde,N,"Oudenaarde, Belgium"
45041,45041,Ronse,Renaix,Ronse,N,"Ronse, Belgium"
45059,45059,Brakel,Brakel,Brakel,N,"Brakel, Belgium"
45060,45060,Kluisbergen,Kluisbergen,Kluisbergen,N,"Kluisbergen, Belgium"
45061,45061,Wortegem-Petegem,Wortegem-Petegem,Wortegem-Petegem,N,"Wortegem-Petegem, Belgium"
45062,45062,Horebeke,Horebeke,Horebeke,N,"Horebeke, Belgium"
45063,45063,Lierde,Lierde,Lierde,N,"Lierde, Belgium"
45064,45064,Maarkedal,Maarkedal,Maarkedal,N,"Maarkedal, Belgium"
45065,45065,Zwalm,Zwalm,Zwalm,N,"Zwalm, Belgium"
45068,45068,Kruisem,Kruisem,Kruisem,N,"Kruisem, Belgium"
46020,46020,Sint-Gillis-Waas,Sint-Gillis-Waas,Sint-Gillis-Waas,N,"Sint-Gillis-Waas, Belgium"
46021,46021,Sint-Niklaas,Saint-Nicolas,Sint-Niklaas,N,"Sint-Niklaas, Belgium"
46024,46024,Stekene,Stekene,Stekene,N,"Stekene, Belgium"
46025,46025,Temse,Tamise,Temse,N,"Temse, Belgium"
46029,46029,Lokeren,Lokeren,Lokeren,N,"Lokeren, Belgium"
46030,46030,Beveren-Kruibeke-Zwijndrecht,Beveren-Kruibeke-Zwijndrecht,Beveren-Kruibeke-Zwijndrecht,N,"Beveren-Kruibeke-Zwijndrecht, Belgium"
51004,51004,Ath,Ath,Aat,F,"Ath, Belgium"
51008,51008,Beloeil,Beloeil,Beloeil,F,"Beloeil, Belgium"
51009,51009,Bernissart,Bernissart,Bernissart,F,"Bernissart, Belgium"
51012,51012,Brugelette,Brugelette,Brugelette,F,"Brugelette, Belgium"
51014,51014,Chièvres,Chièvres,Chièvres,F,"Chièvres, Belgium"
51017,51017,Ellezelles,Ellezelles,Elzele,F,"Ellezelles, Belgium"
51019,51019,Flobecq,Flobecq,Vloesberg,F,"Flobecq, Belgium"
51065,51065,Frasnes-lez-Anvaing,Frasnes-lez-Anvaing,Frasnes-lez-Anvaing,F,"Frasnes-lez-Anvaing, Belgium"
51067,51067,Enghien,Enghien,Edingen,F,"Enghien, Belgium"
51068,51068,Silly,Silly,Opzullik,F,"Silly, Belgium"
51069,51069,Lessines,Lessines,Lessen,F,"Lessines, Belgium"
52010,52010,Chapelle-lez-Herlaimont,Chapelle-lez-Herlaimont,Chapelle-lez-Herlaimont,F,"Chapelle-lez-Herlaimont, Belgium"
52011,52011,Charleroi,Charleroi,Charleroi,F,"Charleroi, Belgium"
52012,52012,Châtelet,Châtelet,Châtelet,F,"Châtelet, Belgium"
52015,52015,Courcelles,Courcelles,Courcelles,F,"Courcelles, Belgium"
52018,52018,Farciennes,Farciennes,Farciennes,F,"Farciennes, Belgium"
52021,52021,Fleurus,Fleurus,Fleurus,F,"Fleurus, Belgium"
52022,52022,Fontaine-l'Evêque,Fontaine-l'Evêque,Fontaine-l'Evêque,F,"Fontaine-l'Evêque, Belgium"
52025,52025,Gerpinnes,Gerpinnes,Gerpinnes,F,"Gerpinnes, Belgium"
52048,52048,Montigny-le-Tilleul,Montigny-le-Tilleul,Montigny-le-Tilleul,F,"Montigny-le-Tilleul, Belgium"
52055,52055,Pont-à-Celles,Pont-à-Celles,Pont-à-Celles,F,"Pont-à-Celles, Belgium"
52074,52074,Aiseau-Presles,Aiseau-Presles,Aiseau-Presles,F,"Aiseau-Presles, Belgium"
52075,52075,Les Bons Villers,Les Bons Villers,Les Bons Villers,F,"Les Bons Villers, Belgium"
53014,53014,Boussu,Boussu,Boussu,F,"Boussu, Belgium"
53020,53020,Dour,Dour,Dour,F,"Dour, Belgium"
53028,53028,Frameries,Frameries,Frameries,F,"Frameries, Belgium"
53039,53039,Hensies,Hensies,Hensies,F,"Hensies, Belgium"
53044,53044,Jurbise,Jurbise,Jurbeke,F,"Jurbise, Belgium"
53046,53046,Lens,Lens,Lens,F,"Lens, Belgium"
53053,53053,Mons,Mons,Bergen,F,"Mons, Belgium"
53065,53065,Quaregnon,Quaregnon,Quaregnon,F,"Quaregnon, Belgium"
53068,53068,Quiévrain,Quiévrain,Quiévrain,F,"Quiévrain, Belgium"
53070,53070,Saint-Ghislain,Saint-Ghislain,Saint-Ghislain,F,"Saint-Ghislain, Belgium"
53082,53082,Colfontaine,Colfontaine,Colfontaine,F,"Colfontaine, Belgium"
53083,53083,Honnelles,Honnelles,Honnelles,F,"Honnelles, Belgium"
53084,53084,Quévy,Quévy,Quévy,F,"Quévy, Belgium"
55004,55004,Braine-le-Comte,Braine-le-Comte,'s Gravenbrakel,F,"Braine-le-Comte, Belgium"
55035,55035,Le Roeulx,Le Roeulx,Le Roeulx,F,"Le Roeulx, Belgium"
55040,55040,Soignies,Soignies,Zinnik,F,"Soignies, Belgium"
55050,55050,Ecaussinnes,Ecaussinnes,Ecaussinnes,F,"Ecaussinnes, Belgium"
55085,55085,Seneffe,Seneffe,Seneffe,F,"Seneffe, Belgium"
55086,55086,Manage,Manage,Manage,F,"Manage, Belgium"
56001,56001,Anderlues,Anderlues,Anderlues,F,"Anderlues, Belgium"
56005,56005,Beaumont,Beaumont,Beaumont,F,"Beaumont, Belgium"
56016,56016,Chimay,Chimay,Chimay,F,"Chimay, Belgium"
56022,56022,Erquelinnes,Erquelinnes,Erquelinnes,F,"Erquelinnes, Belgium"
56029,56029,Froidchapelle,Froidchapelle,Froidchapelle,F,"Froidchapelle, Belgium"
56044,56044,Lobbes,Lobbes,Lobbes,F,"Lobbes, Belgium"
56049,56049,Merbes-le-Château,Merbes-le-Château,Merbes-le-Château,F,"Merbes-le-Château, Belgium"
56051,56051,Momignies,Momignies,Momignies,F,"Momignies, Belgium"
56078,56078,Thuin,Thuin,Thuin,F,"Thuin, Belgium"
56086,56086,Ham-sur-Heure-Nalinnes,Ham-sur-Heure-Nalinnes,Ham-sur-Heure-Nalinnes,F,"Ham-sur-Heure-Nalinnes, Belgium"
56088,56088,Sivry-Rance,Sivry-Rance,Sivry-Rance,F,"Sivry-Rance, Belgium"
57003,57003,Antoing,Antoing,Antoing,F,"Antoing, Belgium"
57018,57018,Celles,Celles,Celles,F,"Celles, Belgium"
57027,57027,Estaimpuis,Estaimpuis,Estaimpuis,F,"Estaimpuis, Belgium"
57062,57062,Pecq,Pecq,Pecq,F,"Pecq, Belgium"
57064,57064,Péruwelz,Péruwelz,Péruwelz,F,"Péruwelz, Belgium"
57072,57072,Rumes,Rumes,Rumes,F,"Rumes, Belgium"
57081,57081,Tournai,Tournai,Doornik,F,"Tournai, Belgium"
57093,57093,Brunehaut,Brunehaut,Brunehaut,F,"Brunehaut, Belgium"
57094,57094,Leuze-en-Hainaut,Leuze-en-Hainaut,Leuze-en-Hainaut,F,"Leuze-en-Hainaut, Belgium"
57095,57095,Mont-de-l'Enclus,Mont-de-l'Enclus,Mont-de-l'Enclus,F,"Mont-de-l'Enclus, Belgium"
57096,57096,Mouscron,Mouscron,Moeskroen,F,"Mouscron, Belgium"
57097,57097,Comines-Warneton,Comines-Warneton,Komen-Waasten,F,"Comines-Warneton, Belgium"
58001,58001,La Louvière,La Louvière,La Louvière,F,"La Louvière, Belgium"
58002,58002,Binche,Binche,Binche,F,"Binche, Belgium"
58003,58003,Estinnes,Estinnes,Estinnes,F,"Estinnes, Belgium"
58004,58004,Morlanwelz,Morlanwelz,Morlanwelz,F,"Morlanwelz, Belgium"
61003,61003,Amay,Amay,Amay,F,"Amay, Belgium"
61010,61010,Burdinne,Burdinne,Burdinne,F,"Burdinne, Belgium"
61012,61012,Clavier,Clavier,Clavier,F,"Clavier, Belgium"
61019,61019,Ferrières,Ferrières,Ferrières,F,"Ferrières, Belgium"
61024,61024,Hamoir,Hamoir,Hamoir,F,"Hamoir, Belgium"
61028,61028,Héron,Héron,Héron,F,"Héron, Belgium"
61031,61031,Huy,Huy,Hoei,F,"Huy, Belgium"
61039,61039,Marchin,Marchin,Marchin,F,"Marchin, Belgium"
61041,61041,Modave,Modave,Modave,F,"Modave, Belgium"
61043,61043,Nandrin,Nandrin,Nandrin,F,"Nandrin, Belgium"
61048,61048,Ouffet,Ouffet,Ouffet,F,"Ouffet, Belgium"
61063,61063,Verlaine,Verlaine,Verlaine,F,"Verlaine, Belgium"
61068,61068,Villers-le-Bouillet,Villers-le-Bouillet,Villers-le-Bouillet,F,"Villers-le-Bouillet, Belgium"
61072,61072,Wanze,Wanze,Wanze,F,"Wanze, Belgium"
61079,61079,Anthisnes,Anthisnes,Anthisnes,F,"Anthisnes, Belgium"
61080,61080,Engis,Engis,Engis,F,"Engis, Belgium"
61081,61081,Tinlot,Tinlot,Tinlot,F,"Tinlot, Belgium"
62003,62003,Ans,Ans,Ans,F,"Ans, Belgium"
62006,62006,Awans,Awans,Awans,F,"Awans, Belgium"
62009,62009,Aywaille,Aywaille,Aywaille,F,"Aywaille, Belgium"
62011,62011,Bassenge,Bassenge,Bitsingen,F,"Bassenge, Belgium"
62015,62015,Beyne-Heusay,Beyne-Heusay,Beyne-Heusay,F,"Beyne-Heusay, Belgium"
62022,62022,Chaudfontaine,Chaudfontaine,Chaudfontaine,F,"Chaudfontaine, Belgium"
62026,62026,Comblain-au-Pont,Comblain-au-Pont,Comblain-au-Pont,F,"Comblain-au-Pont, Belgium"
62027,62027,Dalhem,Dalhem,Dalhem,F,"Dalhem, Belgium"
62032,62032,Esneux,Esneux,Esneux,F,"Esneux, Belgium"
62038,62038,Fléron,Fléron,Fléron,F,"Fléron, Belgium"
62051,62051,Herstal,Herstal,Herstal,F,"Herstal, Belgium"
62060,62060,Juprelle,Juprelle,Juprelle,F,"Juprelle, Belgium"
62063,62063,Liège,Liège,Luik,F,"Liège, Belgium"
62079,62079,Oupeye,Oupeye,Oupeye,F,"Oupeye, Belgium"
62093,62093,Saint-Nicolas,Saint-Nicolas,Saint-Nicolas,F,"Saint-Nicolas, Belgium"
62096,62096,Seraing,Seraing,Seraing,F,"Seraing, Belgium"
62099,62099,Soumagne,Soumagne,Soumagne,F,"Soumagne, Belgium"
62100,62100,Sprimont,Sprimont,Sprimont,F,"Sprimont, Belgium"
62108,62108,Visé,Visé,Wezet,F,"Visé, Belgium"
62118,62118,Grâce-Hollogne,Grâce-Hollogne,Grâce-Hollogne,F,"Grâce-Hollogne, Belgium"
62119,62119,Blégny,Blégny,Blégny,F,"Blégny, Belgium"
62120,62120,Flémalle,Flémalle,Flémalle,F,"Flémalle, Belgium"
62121,62121,Neupré,Neupré,Neupré,F,"Neupré, Belgium"
62122,62122,Trooz,Trooz,Trooz,F,"Trooz, Belgium"
63001,63001,Amel,Amblève,Amel,D,"Amel, Belgium"
63003,63003,Aubel,Aubel,Aubel,F,"Aubel, Belgium"
63004,63004,Baelen,Baelen,Baelen,F,"Baelen, Belgium"
63012,63012,Büllingen,Bullange,Büllingen,D,"Büllingen, Belgium"
63013,63013,Bütgenbach,Butgenbach,Bütgenbach,D,"Bütgenbach, Belgium"
63020,63020,Dison,Dison,Dison,F,"Dison, Belgium"
63023,63023,Eupen,Eupen,Eupen,D,"Eupen, Belgium"
63035,63035,Herve,Herve,Herve,F,"Herve, Belgium"
63038,63038,Jalhay,Jalhay,Jalhay,F,"Jalhay, Belgium"
63040,63040,Kelmis,La Calamine,Kelmis,D,"Kelmis, Belgium"
63045,63045,Lierneux,Lierneux,Lierneux,F,"Lierneux, Belgium"
63046,63046,Limbourg,Limbourg,Limburg,F,"Limbourg, Belgium"
63048,63048,Lontzen,Lontzen,Lontzen,D,"Lontzen, Belgium"
63049,63049,Malmedy,Malmedy,Malmedy,F,"Malmedy, Belgium"
63057,63057,Olne,Olne,Olne,F,"Olne, Belgium"
63058,63058,Pepinster,Pepinster,Pepinster,F,"Pepinster, Belgium"
63061,63061,Raeren,Raeren,Raeren,D,"Raeren, Belgium"
63067,63067,Sankt Vith,Saint-Vith,Sankt Vith,D,"Sankt Vith, Belgium"
63072,63072,Spa,Spa,Spa,F,"Spa, Belgium"
63073,63073,Stavelot,Stavelot,Stavelot,F,"Stavelot, Belgium"
63075,63075,Stoumont,Stoumont,Stoumont,F,"Stoumont, Belgium"
63076,63076,Theux,Theux,Theux,F,"Theux, Belgium"
63079,63079,Verviers,Verviers,Verviers,F,"Verviers, Belgium"
63080,63080,Waimes,Waimes,Weismes,F,"Waimes, Belgium"
63084,63084,Welkenraedt,Welkenraedt,Welkenraedt,F,"Welkenraedt, Belgium"
63086,63086,Trois-Ponts,Trois-Ponts,Trois-Ponts,F,"Trois-Ponts, Belgium"
63087,63087,Burg-Reuland,Burg-Reuland,Burg-Reuland,D,"Burg-Reuland, Belgium"
63088,63088,Plombières,Plombières,Plombières,F,"Plombières, Belgium"
63089,63089,Thimister-Clermont,Thimister-Clermont,Thimister-Clermont,F,"Thimister-Clermont, Belgium"
64008,64008,Berloz,Berloz,Berloz,F,"Berloz, Belgium"
64015,64015,Braives,Braives,Braives,F,"Braives, Belgium"
64021,64021,Crisnée,Crisnée,Crisnée,F,"Crisnée, Belgium"
64023,64023,Donceel,Donceel,Donceel,F,"Donceel, Belgium"
64025,64025,Fexhe-le-Haut-Clocher,Fexhe-le-Haut-Clocher,Fexhe-le-Haut-Clocher,F,"Fexhe-le-Haut-Clocher, Belgium"
64029,64029,Geer,Geer,Geer,F,"Geer, Belgium"
64034,64034,Hannut,Hannut,Hannuit,F,"Hannut, Belgium"
64047,64047,Lincent,Lincent,Lijsem,F,"Lincent, Belgium"
64056,64056,Oreye,Oreye,Oerle,F,"Oreye, Belgium"
64063,64063,Remicourt,Remicourt,Remicourt,F,"Remicourt, Belgium"
64065,64065,Saint-Georges-sur-Meuse,Saint-Georges-sur-Meuse,Saint-Georges-sur-Meuse,F,"Saint-Georges-sur-Meuse, Belgium"
64074,64074,Waremme,Waremme,Borgworm,F,"Waremme, Belgium"
64075,64075,Wasseiges,Wasseiges,Wasseiges,F,"Wasseiges, Belgium"
64076,64076,Faimes,Faimes,Faimes,F,"Faimes, Belgium"
71002,71002,As,As,As,N,"As, Belgium"
71004,71004,Beringen,Beringen,Beringen,N,"Beringen, Belgium"
71011,71011,Diepenbeek,Diepenbeek,Diepenbeek,N,"Diepenbeek, Belgium"
71016,71016,Genk,Genk,Genk,N,"Genk, Belgium"
71017,71017,Gingelom,Gingelom,Gingelom,N,"Gingelom, Belgium"
71020,71020,Halen,Halen,Halen,N,"Halen, Belgium"
71024,71024,Herk-de-Stad,Herck-la-Ville,Herk-de-Stad,N,"Herk-de-Stad, Belgium"
71034,71034,Leopoldsburg,Bourg-Léopold,Leopoldsburg,N,"Leopoldsburg, Belgium"
71037,71037,Lummen,Lummen,Lummen,N,"Lummen, Belgium"
71045,71045,Nieuwerkerken,Nieuwerkerken,Nieuwerkerken,N,"Nieuwerkerken, Belgium"
71053,71053,Sint-Truiden,Saint-Trond,Sint-Truiden,N,"Sint-Truiden, Belgium"
71066,71066,Zonhoven,Zonhoven,Zonhoven,N,"Zonhoven, Belgium"
71067,71067,Zutendaal,Zutendaal,Zutendaal,N,"Zutendaal, Belgium"
71070,71070,Heusden-Zolder,Heusden-Zolder,Heusden-Zolder,N,"Heusden-Zolder, Belgium"
71071,71071,Tessenderlo-Ham,Tessenderlo-Ham,Tessenderlo-Ham,N,"Tessenderlo-Ham, Belgium"
71072,71072,Hasselt,Hasselt,Hasselt,N,"Hasselt, Belgium"
72003,72003,Bocholt,Bocholt,Bocholt,N,"Bocholt, Belgium"
72004,72004,Bree,Bree,Bree,N,"Bree, Belgium"
72018,72018,Kinrooi,Kinrooi,Kinrooi,N,"Kinrooi, Belgium"
72020,72020,Lommel,Lommel,Lommel,N,"Lommel, Belgium"
72021,72021,Maaseik,Maaseik,Maaseik,N,"Maaseik, Belgium"
72030,72030,Peer,Peer,Peer,N,"Peer, Belgium"
72037,72037,Hamont-Achel,Hamont-Achel,Hamont-Achel,N,"Hamont-Achel, Belgium"
72038,72038,Hechtel-Eksel,Hechtel-Eksel,Hechtel-Eksel,N,"Hechtel-Eksel, Belgium"
72039,72039,Houthalen-Helchteren,Houthalen-Helchteren,Houthalen-Helchteren,N,"Houthalen-Helchteren, Belgium"
72041,72041,Dilsen-Stokkem,Dilsen-Stokkem,Dilsen-Stokkem,N,"Dilsen-Stokkem, Belgium"
72042,72042,Oudsbergen,Oudsbergen,Oudsbergen,N,"Oudsbergen, Belgium"
72043,72043,Pelt,Pelt,Pelt,N,"Pelt, Belgium"
73001,73001,Alken,Alken,Alken,N,"Alken, Belgium"
73022,73022,Heers,Heers,Heers,N,"Heers, Belgium"
73028,73028,Herstappe,Herstappe,Herstappe,N,"Herstappe, Belgium"
73042,73042,Lanaken,Lanaken,Lanaken,N,"Lanaken, Belgium"
73066,73066,Riemst,Riemst,Riemst,N,"Riemst, Belgium"
73098,73098,Wellen,Wellen,Wellen,N,"Wellen, Belgium"
73107,73107,Maasmechelen,Maasmechelen,Maasmechelen,N,"Maasmechelen, Belgium"
73109,73109,Voeren,Fourons,Voeren,N,"Voeren, Belgium"
73110,73110,Bilzen-Hoeselt,Bilzen-Hoeselt,Bilzen-Hoeselt,N,"Bilzen-Hoeselt, Belgium"
73111,73111,Tongeren-Borgloon,Tongres-Looz,Tongeren-Borgloon,N,"Tongeren-Borgloon, Belgium"
81001,81001,Arlon,Arlon,Aarlen,F,"Arlon, Belgium"
81003,81003,Attert,Attert,Attert,F,"Attert, Belgium"
81004,81004,Aubange,Aubange,Aubange,F,"Aubange, Belgium"
81013,81013,Martelange,Martelange,Martelange,F,"Martelange, Belgium"
81015,81015,Messancy,Messancy,Messancy,F,"Messancy, Belgium"
82009,82009,Fauvillers,Fauvillers,Fauvillers,F,"Fauvillers, Belgium"
82014,82014,Houffalize,Houffalize,Houffalize,F,"Houffalize, Belgium"
82032,82032,Vielsalm,Vielsalm,Vielsalm,F,"Vielsalm, Belgium"
82036,82036,Vaux-sur-Sûre,Vaux-sur-Sûre,Vaux-sur-Sûre,F,"Vaux-sur-Sûre, Belgium"
82037,82037,Gouvy,Gouvy,Gouvy,F,"Gouvy, Belgium"
82038,82038,Sainte-Ode,Sainte-Ode,Sainte-Ode,F,"Sainte-Ode, Belgium"
82039,82039,Bastogne,Bastogne,Bastenaken,F,"Bastogne, Belgium"
83012,83012,Durbuy,Durbuy,Durbuy,F,"Durbuy, Belgium"
83013,83013,Erezée,Erezée,Erezée,F,"Erezée, Belgium"
83028,83028,Hotton,Hotton,Hotton,F,"Hotton, Belgium"
83031,83031,La Roche-en-Ardenne,La Roche-en-Ardenne,La Roche-en-Ardenne,F,"La Roche-en-Ardenne, Belgium"
83034,83034,Marche-en-Famenne,Marche-en-Famenne,Marche-en-Famenne,F,"Marche-en-Famenne, Belgium"
83040,83040,Nassogne,Nassogne,Nassogne,F,"Nassogne, Belgium"
83044,83044,Rendeux,Rendeux,Rendeux,F,"Rendeux, Belgium"
83049,83049,Tenneville,Tenneville,Tenneville,F,"Tenneville, Belgium"
83055,83055,Manhay,Manhay,Manhay,F,"Manhay, Belgium"
84009,84009,Bertrix,Bertrix,Bertrix,F,"Bertrix, Belgium"
84010,84010,Bouillon,Bouillon,Bouillon,F,"Bouillon, Belgium"
84016,84016,Daverdisse,Daverdisse,Daverdisse,F,"Daverdisse, Belgium"
84029,84029,Herbeumont,Herbeumont,Herbeumont,F,"Herbeumont, Belgium"
84033,84033,Léglise,Léglise,Léglise,F,"Léglise, Belgium"
84035,84035,Libin,Libin,Libin,F,"Libin, Belgium"
84043,84043,Neufchâteau,Neufchâteau,Neufchâteau,F,"Neufchâteau, Belgium"
84050,84050,Paliseul,Paliseul,Paliseul,F,"Paliseul, Belgium"
84059,84059,Saint-Hubert,Saint-Hubert,Saint-Hubert,F,"Saint-Hubert, Belgium"
84068,84068,Tellin,Tellin,Tellin,F,"Tellin, Belgium"
84075,84075,Wellin,Wellin,Wellin,F,"Wellin, Belgium"
84077,84077,Libramont-Chevigny,Libramont-Chevigny,Libramont-Chevigny,F,"Libramont-Chevigny, Belgium"
85007,85007,Chiny,Chiny,Chiny,F,"Chiny, Belgium"
85009,85009,Etalle,Etalle,Etalle,F,"Etalle, Belgium"
85011,85011,Florenville,Florenville,Florenville,F,"Florenville, Belgium"
85024,85024,Meix-devant-Virton,Meix-devant-Virton,Meix-devant-Virton,F,"Meix-devant-Virton, Belgium"
85026,85026,Musson,Musson,Musson,F,"Musson, Belgium"
85034,85034,Saint-Léger,Saint-Léger,Saint-Léger,F,"Saint-Léger, Belgium"
85039,85039,Tintigny,Tintigny,Tintigny,F,"Tintigny, Belgium"
85045,85045,Virton,Virton,Virton,F,"Virton, Belgium"
85046,85046,Habay,Habay,Habay,F,"Habay, Belgium"
85047,85047,Rouvroy,Rouvroy,Rouvroy,F,"Rouvroy, Belgium"
91005,91005,Anhée,Anhée,Anhée,F,"Anhée, Belgium"
91013,91013,Beauraing,Beauraing,Beauraing,F,"Beauraing, Belgium"
91015,91015,Bièvre,Bièvre,Bièvre,F,"Bièvre, Belgium"
91030,91030,Ciney,Ciney,Ciney,F,"Ciney, Belgium"
91034,91034,Dinant,Dinant,Dinant,F,"Dinant, Belgium"
91054,91054,Gedinne,Gedinne,Gedinne,F,"Gedinne, Belgium"
91059,91059,Hamois,Hamois,Hamois,F,"Hamois, Belgium"
91064,91064,Havelange,Havelange,Havelange,F,"Havelange, Belgium"
91072,91072,Houyet,Houyet,Houyet,F,"Houyet, Belgium"
91103,91103,Onhaye,Onhaye,Onhaye,F,"Onhaye, Belgium"
91114,91114,Rochefort,Rochefort,Rochefort,F,"Rochefort, Belgium"
91120,91120,Somme-Leuze,Somme-Leuze,Somme-Leuze,F,"Somme-Leuze, Belgium"
91141,91141,Yvoir,Yvoir,Yvoir,F,"Yvoir, Belgium"
91142,91142,Hastière,Hastière,Hastière,F,"Hastière, Belgium"
91143,91143,Vresse-sur-Semois,Vresse-sur-Semois,Vresse-sur-Semois,F,"Vresse-sur-Semois, Belgium"
92003,92003,Andenne,Andenne,Andenne,F,"Andenne, Belgium"
92006,92006,Assesse,Assesse,Assesse,F,"Assesse, Belgium"
92035,92035,Eghezée,Eghezée,Eghezée,F,"Eghezée, Belgium"
92045,92045,Floreffe,Floreffe,Floreffe,F,"Floreffe, Belgium"
92048,92048,Fosses-la-Ville,Fosses-la-Ville,Fosses-la-Ville,F,"Fosses-la-Ville, Belgium"
92054,92054,Gesves,Gesves,Gesves,F,"Gesves, Belgium"
92087,92087,Mettet,Mettet,Mettet,F,"Mettet, Belgium"
92094,92094,Namur,Namur,Namen,F,"Namur, Belgium"
92097,92097,Ohey,Ohey,Ohey,F,"Ohey, Belgium"
92101,92101,Profondeville,Profondeville,Profondeville,F,"Profondeville, Belgium"
92114,92114,Sombreffe,Sombreffe,Sombreffe,F,"Sombreffe, Belgium"
92137,92137,Sambreville,Sambreville,Sambreville,F,"Sambreville, Belgium"
92138,92138,Fernelmont,Fernelmont,Fernelmont,F,"Fernelmont, Belgium"
92140,92140,Jemeppe-sur-Sambre,Jemeppe-sur-Sambre,Jemeppe-sur-Sambre,F,"Jemeppe-sur-Sambre, Belgium"
92141,92141,La Bruyère,La Bruyère,La Bruyère,F,"La Bruyère, Belgium"
92142,92142,Gembloux,Gembloux,Gembloux,F,"Gembloux, Belgium"
93010,93010,Cerfontaine,Cerfontaine,Cerfontaine,F,"Cerfontaine, Belgium"
93014,93014,Couvin,Couvin,Couvin,F,"Couvin, Belgium"
93018,93018,Doische,Doische,Doische,F,"Doische, Belgium"
93022,93022,Florennes,Florennes,Florennes,F,"Florennes, Belgium"
93056,93056,Philippeville,Philippeville,Philippeville,F,"Philippeville, Belgium"
93088,93088,Walcourt,Walcourt,Walcourt,F,"Walcourt, Belgium"
93090,93090,Viroinval,Viroinval,Viroinval,F,"Viroinval, Belgium"
