location,nis_code
"49.680273,5.809513",81001
"50.010620,5.738970",82039
"50.457882,3.925889",53053
"50.468600,4.862700",92094
"50.473183,4.465165",52011
"50.621123,3.354343",57081
"50.624348,5.565791",62063
"50.713456,4.223020",23027
"50.734458,4.590702",25112
"50.799409,3.275413",34022
"50.842638,4.383221",21004
"50.846082,4.722403",24062
"50.869919,5.529292",73110
"50.912368,4.036715",41002
"50.929207,5.390480",71011
"50.946537,5.700246",73107
"50.951018,5.483294",71016
"50.953033,5.354607",71072
"50.972471,3.131138",36015
"50.992800,5.240400",71070
"51.026510,3.689266",44021
"51.044008,4.469786",12025
"51.160215,4.170648",46021
"51.162600,4.778000",13011
"51.168587,5.024826",13008
"51.199554,4.432726",11002
"51.209709,3.004131",35014
"51.216211,3.192110",31005
"51.292910,4.929107",13040
"Aalst, Belgium",41002
"Aalter, Belgium",44084
"Aarschot, Belgium",24001
"Aartselaar, Belgium",11001
"Affligem, Belgium",23105
"Aiseau-Presles, Belgium",52074
"Alken, Belgium",73001
"Alveringem, Belgium",38002
"Amay, Belgium",61003
"Amel, Belgium",63001
"Andenne, Belgium",92003
"Anderlecht, Belgium",21001
"Anderlues, Belgium",56001
"Anhée, Belgium",91005
"Ans, Belgium",62003
"Anthisnes, Belgium",61079
"Antoing, Belgium",57003
"Antwerpen, Belgium",11002
"Anzegem, Belgium",34002
"Ardooie, Belgium",37020
"Arendonk, Belgium",13001
"Arlon, Belgium",81001
"As, Belgium",71002
"Asse, Belgium",23002
"Assenede, Belgium",43002
"Assesse, Belgium",92006
"Ath, Belgium",51004
"Attert, Belgium",81003
"Aubange, Belgium",81004
"Aubel, Belgium",63003
"Auderghem, Belgium",21002
"Avelgem, Belgium",34003
"Awans, Belgium",62006
"Aywaille, Belgium",62009
"Baarle-Hertog, Belgium",13002
"Baelen, Belgium",63004
"Balen, Belgium",13003
"Bassenge, Belgium",62011
"Bastogne, Belgium",82039
"Beaumont, Belgium",56005
"Beauraing, Belgium",91013
"Beauvechain, Belgium",25005
"Beernem, Belgium",31003
"Beerse, Belgium",13004
"Beersel, Belgium",23003
"Begijnendijk, Belgium",24007
"Bekkevoort, Belgium",24008
"Beloeil, Belgium",51008
"Berchem-Sainte-Agathe, Belgium",21003
"Beringen, Belgium",71004
"Berlaar, Belgium",12002
"Berlare, Belgium",42003
"Berloz, Belgium",64008
"Bernissart, Belgium",51009
"Bertem, Belgium",24009
"Bertrix, Belgium",84009
"Bever, Belgium",23009
"Beveren-Kruibeke-Zwijndrecht, Belgium",46030
"Beyne-Heusay, Belgium",62015
"Bierbeek, Belgium",24011
"Bilzen-Hoeselt, Belgium",73110
"Binche, Belgium",58002
"Bièvre, Belgium",91015
"Blankenberge, Belgium",31004
"Blégny, Belgium",62119
"Bocholt, Belgium",72003
"Boechout, Belgium",11004
"Bonheiden, Belgium",12005
"Boom, Belgium",11005
"Boortmeerbeek, Belgium",24014
"Bornem, Belgium",12007
"Bouillon, Belgium",84010
"Boussu, Belgium",53014
"Boutersem, Belgium",24016
"Braine-l'Alleud, Belgium",25014
"Braine-le-Château, Belgium",25015
"Braine-le-Comte, Belgium",55004
"Braives, Belgium",64015
"Brakel, Belgium",45059
"Brasschaat, Belgium",11008
"Brecht, Belgium",11009
"Bredene, Belgium",35002
"Bree, Belgium",72004
"Brugelette, Belgium",51012
"Brugge, Belgium",31005
"Brunehaut, Belgium",57093
"Brussels, Belgium",21004
"Bruxelles, Belgium",21004
"Buggenhout, Belgium",42004
"Burdinne, Belgium",61010
"Burg-Reuland, Belgium",63087
"Büllingen, Belgium",63012
"Bütgenbach, Belgium",63013
"Celles, Belgium",57018
"Cerfontaine, Belgium",93010
"Chapelle-lez-Herlaimont, Belgium",52010
"Charleroi, Belgium",52011
"Chastre, Belgium",25117
"Chaudfontaine, Belgium",62022
"Chaumont-Gistoux, Belgium",25018
"Chimay, Belgium",56016
"Chiny, Belgium",85007
"Chièvres, Belgium",51014
"Châtelet, Belgium",52012
"Ciney, Belgium",91030
"Clavier, Belgium",61012
"Colfontaine, Belgium",53082
"Comblain-au-Pont, Belgium",62026
"Comines-Warneton, Belgium",57097
"Courcelles, Belgium",52015
"Court-Saint-Etienne, Belgium",25023
"Couvin, Belgium",93014
"Crisnée, Belgium",64021
"Dalhem, Belgium",62027
"Damme, Belgium",31006
"Daverdisse, Belgium",84016
"De Haan, Belgium",35029
"De Panne, Belgium",38008
"Deerlijk, Belgium",34009
"Deinze, Belgium",44083
"Denderleeuw, Belgium",41011
"Dendermonde, Belgium",42006
"Dentergem, Belgium",37002
"Dessel, Belgium",13006
"Destelbergen, Belgium",44013
"Diepenbeek, Belgium",71011
"Diest, Belgium",24020
"Diksmuide, Belgium",32003
"Dilbeek, Belgium",23016
"Dilsen-Stokkem, Belgium",72041
"Dinant, Belgium",91034
"Dison, Belgium",63020
"Doische, Belgium",93018
"Donceel, Belgium",64023
"Dour, Belgium",53020
"Drogenbos, Belgium",23098
"Duffel, Belgium",12009
"Durbuy, Belgium",83012
"Ecaussinnes, Belgium",55050
"Edegem, Belgium",11013
"Eeklo, Belgium",43005
"Eghezée, Belgium",92035
"Ellezelles, Belgium",51017
"Enghien, Belgium",51067
"Engis, Belgium",61080
"Erezée, Belgium",83013
"Erpe-Mere, Belgium",41082
"Erquelinnes, Belgium",56022
"Esneux, Belgium",62032
"Essen, Belgium",11016
"Estaimpuis, Belgium",57027
"Estinnes, Belgium",58003
"Etalle, Belgium",85009
"Etterbeek, Belgium",21005
"Eupen, Belgium",63023
"Evere, Belgium",21006
"Evergem, Belgium",44019
"Faimes, Belgium",64076
"Farciennes, Belgium",52018
"Fauvillers, Belgium",82009
"Fernelmont, Belgium",92138
"Ferrières, Belgium",61019
"Fexhe-le-Haut-Clocher, Belgium",64025
"Fleurus, Belgium",52021
"Flobecq, Belgium",51019
"Floreffe, Belgium",92045
"Florennes, Belgium",93022
"Florenville, Belgium",85011
"Flémalle, Belgium",62120
"Fléron, Belgium",62038
"Fontaine-l'Evêque, Belgium",52022
"Forest, Belgium",21007
"Fosses-la-Ville, Belgium",92048
"Frameries, Belgium",53028
"Frasnes-lez-Anvaing, Belgium",51065
"Froidchapelle, Belgium",56029
"Ganshoren, Belgium",21008
"Gavere, Belgium",44020
"Gedinne, Belgium",91054
"Geel, Belgium",13008
"Geer, Belgium",64029
"Geetbets, Belgium",24028
"Gembloux, Belgium",92142
"Genappe, Belgium",25031
"Genk, Belgium",71016
"Gent, Belgium",44021
"Geraardsbergen, Belgium",41018
"Gerpinnes, Belgium",52025
"Gesves, Belgium",92054
"Gingelom, Belgium",71017
"Gistel, Belgium",35005
"Glabbeek, Belgium",24137
"Gouvy, Belgium",82037
"Grez-Doiceau, Belgium",25037
"Grimbergen, Belgium",23025
"Grobbendonk, Belgium",13010
"Grâce-Hollogne, Belgium",62118
"Haacht, Belgium",24033
"Haaltert, Belgium",41024
"Habay, Belgium",85046
"Halen, Belgium",71020
"Halle, Belgium",23027
"Ham-sur-Heure-Nalinnes, Belgium",56086
"Hamme, Belgium",42008
"Hamoir, Belgium",61024
"Hamois, Belgium",91059
"Hamont-Achel, Belgium",72037
"Hannut, Belgium",64034
"Harelbeke, Belgium",34013
"Hasselt, Belgium",71072
"Hastière, Belgium",91142
"Havelange, Belgium",91064
"Hechtel-Eksel, Belgium",72038
"Heers, Belgium",73022
"Heist-op-den-Berg, Belgium",12014
"Hemiksem, Belgium",11018
"Hensies, Belgium",53039
"Herbeumont, Belgium",84029
"Herent, Belgium",24038
"Herentals, Belgium",13011
"Herenthout, Belgium",13012
"Herk-de-Stad, Belgium",71024
"Herselt, Belgium",13013
"Herstal, Belgium",62051
"Herstappe, Belgium",73028
"Herve, Belgium",63035
"Herzele, Belgium",41027
"Heusden-Zolder, Belgium",71070
"Heuvelland, Belgium",33039
"Hoegaarden, Belgium",24041
"Hoeilaart, Belgium",23033
"Holsbeek, Belgium",24043
"Honnelles, Belgium",53083
"Hooglede, Belgium",36006
"Hoogstraten, Belgium",13014
"Horebeke, Belgium",45062
"Hotton, Belgium",83028
"Houffalize, Belgium",82014
"Houthalen-Helchteren, Belgium",72039
"Houthulst, Belgium",32006
"Houyet, Belgium",91072
"Hove, Belgium",11021
"Huldenberg, Belgium",24045
"Hulshout, Belgium",13016
"Huy, Belgium",61031
"Hélécine, Belgium",25118
"Héron, Belgium",61028
"Ichtegem, Belgium",35006
"Ieper, Belgium",33011
"Incourt, Belgium",25043
"Ingelmunster, Belgium",36007
"Ittre, Belgium",25044
"Ixelles, Belgium",21009
"Izegem, Belgium",36008
"Jabbeke, Belgium",31012
"Jalhay, Belgium",63038
"Jemeppe-sur-Sambre, Belgium",92140
"Jette, Belgium",21010
"Jodoigne, Belgium",25048
"Juprelle, Belgium",62060
"Jurbise, Belgium",53044
"Kalmthout, Belgium",11022
"Kampenhout, Belgium",23038
"Kapelle-op-den-Bos, Belgium",23039
"Kapellen, Belgium",11023
"Kaprijke, Belgium",43007
"Kasterlee, Belgium",13017
"Keerbergen, Belgium",24048
"Kelmis, Belgium",63040
"Kinrooi, Belgium",72018
"Kluisbergen, Belgium",45060
"Knokke-Heist, Belgium",31043
"Koekelare, Belgium",32010
"Koekelberg, Belgium",21011
"Koksijde, Belgium",38014
"Kontich, Belgium",11024
"Kortemark, Belgium",32011
"Kortenaken, Belgium",24054
"Kortenberg, Belgium",24055
"Kortrijk, Belgium",34022
"Kraainem, Belgium",23099
"Kruisem, Belgium",45068
"Kuurne, Belgium",34023
"La Bruyère, Belgium",92141
"La Hulpe, Belgium",25050
"La Louvière, Belgium",58001
"La Roche-en-Ardenne, Belgium",83031
"Laakdal, Belgium",13053
"Laarne, Belgium",42010
"Lanaken, Belgium",73042
"Landen, Belgium",24059
"Langemark-Poelkapelle, Belgium",33040
"Lasne, Belgium",25119
"Le Roeulx, Belgium",55035
"Lebbeke, Belgium",42011
"Lede, Belgium",41034
"Ledegem, Belgium",36010
"Lendelede, Belgium",34025
"Lennik, Belgium",23104
"Lens, Belgium",53046
"Leopoldsburg, Belgium",71034
"Les Bons Villers, Belgium",52075
"Lessines, Belgium",51069
"Leuven, Belgium",24062
"Leuze-en-Hainaut, Belgium",57094
"Libin, Belgium",84035
"Libramont-Chevigny, Belgium",84077
"Lichtervelde, Belgium",36011
"Liedekerke, Belgium",23044
"Lier, Belgium",12021
"Lierde, Belgium",45063
"Lierneux, Belgium",63045
"Lievegem, Belgium",44085
"Lille, Belgium",13019
"Limbourg, Belgium",63046
"Lincent, Belgium",64047
"Linkebeek, Belgium",23100
"Lint, Belgium",11025
"Linter, Belgium",24133
"Liège, Belgium",62063
"Lo-Reninge, Belgium",32030
"Lobbes, Belgium",56044
"Lochristi, Belgium",44087
"Lokeren, Belgium",46029
"Lommel, Belgium",72020
"Londerzeel, Belgium",23045
"Lontzen, Belgium",63048
"Lubbeek, Belgium",24066
"Lummen, Belgium",71037
"Léglise, Belgium",84033
"Maarkedal, Belgium",45064
"Maaseik, Belgium",72021
"Maasmechelen, Belgium",73107
"Machelen, Belgium",23047
"Maldegem, Belgium",43010
"Malle, Belgium",11057
"Malmedy, Belgium",63049
"Manage, Belgium",55086
"Manhay, Belgium",83055
"Marche-en-Famenne, Belgium",83034
"Marchin, Belgium",61039
"Martelange, Belgium",81013
"Mechelen, Belgium",12025
"Meerhout, Belgium",13021
"Meise, Belgium",23050
"Meix-devant-Virton, Belgium",85024
"Menen, Belgium",34027
"Merbes-le-Château, Belgium",56049
"Merchtem, Belgium",23052
"Merelbeke-Melle, Belgium",44088
"Merksplas, Belgium",13023
"Mesen, Belgium",33016
"Messancy, Belgium",81015
"Mettet, Belgium",92087
"Middelkerke, Belgium",35011
"Modave, Belgium",61041
"Mol, Belgium",13025
"Molenbeek-Saint-Jean, Belgium",21012
"Momignies, Belgium",56051
"Mons, Belgium",53053
"Mont-Saint-Guibert, Belgium",25068
"Mont-de-l'Enclus, Belgium",57095
"Montigny-le-Tilleul, Belgium",52048
"Moorslede, Belgium",36012
"Morlanwelz, Belgium",58004
"Mortsel, Belgium",11029
"Mouscron, Belgium",57096
"Musson, Belgium",85026
"Namur, Belgium",92094
"Nandrin, Belgium",61043
"Nassogne, Belgium",83040
"Nazareth-De Pinte, Belgium",44086
"Neufchâteau, Belgium",84043
"Neupré, Belgium",62121
"Niel, Belgium",11030
"Nieuwerkerken, Belgium",71045
"Nieuwpoort, Belgium",38016
"Nijlen, Belgium",12026
"Ninove, Belgium",41048
"Nivelles, Belgium",25072
"Ohey, Belgium",92097
"Olen, Belgium",13029
"Olne, Belgium",63057
"Onhaye, Belgium",91103
"Oostende, Belgium",35013
"Oosterzele, Belgium",44052
"Oostkamp, Belgium",31022
"Oostrozebeke, Belgium",37010
"Opwijk, Belgium",23060
"Oreye, Belgium",64056
"Orp-Jauche, Belgium",25120
"Ottignies-Louvain-la-Neuve, Belgium",25121
"Oud-Heverlee, Belgium",24086
"Oud-Turnhout, Belgium",13031
"Oudenaarde, Belgium",45035
"Oudenburg, Belgium",35014
"Oudsbergen, Belgium",72042
"Ouffet, Belgium",61048
"Oupeye, Belgium",62079
"Overijse, Belgium",23062
"Pajottegem, Belgium",23106
"Paliseul, Belgium",84050
"Pecq, Belgium",57062
"Peer, Belgium",72030
"Pelt, Belgium",72043
"Pepingen, Belgium",23064
"Pepinster, Belgium",63058
"Perwez, Belgium",25084
"Philippeville, Belgium",93056
"Pittem, Belgium",37011
"Plombières, Belgium",63088
"Pont-à-Celles, Belgium",52055
"Poperinge, Belgium",33021
"Profondeville, Belgium",92101
"Putte, Belgium",12029
"Puurs-Sint-Amands, Belgium",12041
"Péruwelz, Belgium",57064
"Quaregnon, Belgium",53065
"Quiévrain, Belgium",53068
"Quévy, Belgium",53084
"Raeren, Belgium",63061
"Ramillies, Belgium",25122
"Ranst, Belgium",11035
"Ravels, Belgium",13035
"Rebecq, Belgium",25123
"Remicourt, Belgium",64063
"Rendeux, Belgium",83044
"Retie, Belgium",13036
"Riemst, Belgium",73066
"Rijkevorsel, Belgium",13037
"Rixensart, Belgium",25091
"Rochefort, Belgium",91114
"Roeselare, Belgium",36015
"Ronse, Belgium",45041
"Roosdaal, Belgium",23097
"Rotselaar, Belgium",24094
"Rouvroy, Belgium",85047
"Rumes, Belgium",57072
"Rumst, Belgium",11037
"Saint-Georges-sur-Meuse, Belgium",64065
"Saint-Ghislain, Belgium",53070
"Saint-Gilles, Belgium",21013
"Saint-Hubert, Belgium",84059
"Saint-Josse-ten-Noode, Belgium",21014
"Saint-Léger, Belgium",85034
"Saint-Nicolas, Belgium",62093
"Sainte-Ode, Belgium",82038
"Sambreville, Belgium",92137
"Sankt Vith, Belgium",63067
"Schaerbeek, Belgium",21015
"Schelle, Belgium",11038
"Scherpenheuvel-Zichem, Belgium",24134
"Schilde, Belgium",11039
"Schoten, Belgium",11040
"Seneffe, Belgium",55085
"Seraing, Belgium",62096
"Silly, Belgium",51068
"Sint-Genesius-Rode, Belgium",23101
"Sint-Gillis-Waas, Belgium",46020
"Sint-Katelijne-Waver, Belgium",12035
"Sint-Laureins, Belgium",43014
"Sint-Lievens-Houtem, Belgium",41063
"Sint-Martens-Latem, Belgium",44064
"Sint-Niklaas, Belgium",46021
"Sint-Pieters-Leeuw, Belgium",23077
"Sint-Truiden, Belgium",71053
"Sivry-Rance, Belgium",56088
"Soignies, Belgium",55040
"Sombreffe, Belgium",92114
"Somme-Leuze, Belgium",91120
"Soumagne, Belgium",62099
"Spa, Belgium",63072
"Spiere-Helkijn, Belgium",34043
"Sprimont, Belgium",62100
"Stabroek, Belgium",11044
"Staden, Belgium",36019
"Stavelot, Belgium",63073
"Steenokkerzeel, Belgium",23081
"Stekene, Belgium",46024
"Stoumont, Belgium",63075
"Tamines, Sambreville, Belgium",92137
"Tellin, Belgium",84068
"Temse, Belgium",46025
"Tenneville, Belgium",83049
"Ternat, Belgium",23086
"Tervuren, Belgium",24104
"Tessenderlo-Ham, Belgium",71071
"Theux, Belgium",63076
"Thimister-Clermont, Belgium",63089
"Thuin, Belgium",56078
"Tielt, Belgium",37022
"Tielt-Winge, Belgium",24135
"Tienen, Belgium",24107
"Tinlot, Belgium",61081
"Tintigny, Belgium",85039
"Tongeren, Belgium",73111
"Tongeren-Borgloon, Belgium",73111
"Torhout, Belgium",31033
"Tournai, Belgium",57081
"Tremelo, Belgium",24109
"Trois-Ponts, Belgium",63086
"Trooz, Belgium",62122
"Tubize, Belgium",25105
"Turnhout, Belgium",13040
"Uccle, Belgium",21016
"Vaux-sur-Sûre, Belgium",82036
"Verlaine, Belgium",61063
"Verviers, Belgium",63079
"Veurne, Belgium",38025
"Vielsalm, Belgium",82032
"Villers-la-Ville, Belgium",25107
"Villers-le-Bouillet, Belgium",61068
"Vilvoorde, Belgium",23088
"Viroinval, Belgium",93090
"Virton, Belgium",85045
"Visé, Belgium",62108
"Vleteren, Belgium",33041
"Voeren, Belgium",73109
"Vorselaar, Belgium",13044
"Vosselaar, Belgium",13046
"Vresse-sur-Semois, Belgium",91143
"Waasmunster, Belgium",42023
"Waimes, Belgium",63080
"Walcourt, Belgium",93088
"Walhain, Belgium",25124
"Wanze, Belgium",61072
"Waregem, Belgium",34040
"Waremme, Belgium",64074
"Wasseiges, Belgium",64075
"Waterloo, Belgium",25110
"Watermael-Boitsfort, Belgium",21017
"Wavre, Belgium",25112
"Welkenraedt, Belgium",63084
"Wellen, Belgium",73098
"Wellin, Belgium",84075
"Wemmel, Belgium",23102
"Wervik, Belgium",33029
"Westerlo, Belgium",13049
"Wetteren, Belgium",42025
"Wevelgem, Belgium",34041
"Wezembeek-Oppem, Belgium",23103
"Wichelen, Belgium",42026
"Wielsbeke, Belgium",37017
"Wijnegem, Belgium",11050
"Willebroek, Belgium",12040
"Wingene, Belgium",37021
"Woluwe-Saint-Lambert, Belgium",21018
"Woluwe-Saint-Pierre, Belgium",21019
"Wommelgem, Belgium",11052
"Wortegem-Petegem, Belgium",45061
"Wuustwezel, Belgium",11053
"Yvoir, Belgium",91141
"Zandhoven, Belgium",11054
"Zaventem, Belgium",23094
"Zedelgem, Belgium",31040
"Zele, Belgium",42028
"Zelzate, Belgium",43018
"Zemst, Belgium",23096
"Zoersel, Belgium",11055
"Zonhoven, Belgium",71066
"Zonnebeke, Belgium",33037
"Zottegem, Belgium",41081
"Zoutleeuw, Belgium",24130
"Zuienkerke, Belgium",31042
"Zulte, Belgium",44081
"Zutendaal, Belgium",71067
"Zwalm, Belgium",45065
"Zwevegem, Belgium",34042
