id,name,location
oostende,Oostende (Plassendale),"51.209709,3.004131"
brugge,Brugge (Waggelwater),"51.216211,3.192110"
kortrijk,Kortrijk (Kennedypark),"50.799409,3.275413"
gent,Gent (The Loop),"51.026510,3.689266"
antwerpen,Antwerpen (Berchem),"51.199554,4.432726"
turnhout,Turnhout (Veedijk),"51.292910,4.929107"
mechelen,Mechelen-Noord,"51.044008,4.469786"
brussel,Brussel (Europese wijk),"50.842638,4.383221"
leuven,Leuven (Haasrode),"50.846082,4.722403"
wavre,Wavre-Nord,"50.734458,4.590702"
hasselt,Hasselt (Corda Campus),"50.953033,5.354607"
liege,Liège (Guillemins),"50.624348,5.565791"
namur,Namur (station),"50.468600,4.862700"
charleroi,Charleroi (Aéropole),"50.473183,4.465165"
mons,Mons (Initialis),"50.457882,3.925889"
tournai,Tournai (Froyennes),"50.621123,3.354343"
bastogne,Bastogne (War Museum),"50.010620,5.738970"
arlon,Arlon (station),"49.680273,5.809513"
